patient_id,full_name,sex,date_of_birth,age,phone,email
P00001,Alex Miller,Female,1951-03-12,74,+1-555-328-3286,p00001@example.com
P00002,Quinn Johnson,Male,1949-12-28,75,+1-555-132-1488,p00002@example.com
P00003,Casey Garcia,Female,1948-10-17,77,+1-555-674-4257,p00003@example.com
P00004,Casey Martinez,Male,1993-02-19,32,+1-555-928-1106,p00004@example.com
P00005,Avery Davis,Male,1957-10-09,68,+1-555-259-4527,p00005@example.com
P00006,Jordan Johnson,Male,1981-11-07,44,+1-555-199-6881,p00006@example.com
P00007,Parker Miller,Female,1982-11-08,43,+1-555-847-8527,p00007@example.com
P00008,Avery Johnson,Male,1953-01-11,72,+1-555-949-6925,p00008@example.com
P00009,Jordan Smith,Female,1962-03-19,63,+1-555-891-5741,p00009@example.com
P00010,Casey Johnson,Male,1946-11-25,79,+1-555-384-8428,p00010@example.com
P00011,Taylor Davis,Male,1985-09-11,40,+1-555-314-5374,p00011@example.com
P00012,Parker Brown,Female,1945-10-04,80,+1-555-267-8573,p00012@example.com
P00013,Riley Lee,Female,1987-09-08,38,+1-555-801-6313,p00013@example.com
P00014,Casey Smith,Male,1943-08-28,82,+1-555-510-5386,p00014@example.com
P00015,Casey Wilson,Male,1945-01-18,80,+1-555-317-9179,p00015@example.com
P00016,Cameron Brown,Male,1989-11-20,36,+1-555-242-5040,p00016@example.com
P00017,Parker Rodriguez,Male,1971-10-20,54,+1-555-470-4593,p00017@example.com
P00018,Quinn Martinez,Female,1954-11-13,71,+1-555-873-1771,p00018@example.com
P00019,Taylor Brown,Male,1950-12-19,75,+1-555-710-2040,p00019@example.com
P00020,Avery Wilson,Male,1988-05-29,37,+1-555-641-5119,p00020@example.com
P00021,Jordan Lee,Male,1937-08-09,88,+1-555-887-6573,p00021@example.com
P00022,Riley Rodriguez,Female,1951-03-23,74,+1-555-564-1053,p00022@example.com
P00023,Quinn Brown,Female,1971-11-21,54,+1-555-991-5889,p00023@example.com
P00024,Parker Garcia,Female,2005-02-18,20,+1-555-482-3646,p00024@example.com
P00025,Parker Davis,Male,1936-02-13,89,+1-555-119-2832,p00025@example.com
P00026,Riley Garcia,Female,1985-06-11,40,+1-555-346-2290,p00026@example.com
P00027,Cameron Johnson,Female,1947-09-13,78,+1-555-231-8787,p00027@example.com
P00028,Riley Lee,Male,1958-07-07,67,+1-555-316-9835,p00028@example.com
P00029,Riley Rodriguez,Male,1963-06-02,62,+1-555-548-9479,p00029@example.com
P00030,Jordan Garcia,Female,1997-06-27,28,+1-555-165-6539,p00030@example.com
P00031,Parker Lee,Female,1938-11-27,87,+1-555-702-4608,p00031@example.com
P00032,Jordan Smith,Female,1937-01-07,88,+1-555-169-1514,p00032@example.com
P00033,Jordan Lee,Female,1981-01-05,44,+1-555-385-8953,p00033@example.com
P00034,Quinn Brown,Male,1965-03-14,60,+1-555-348-8749,p00034@example.com
P00035,Casey Johnson,Female,1991-06-11,34,+1-555-774-8062,p00035@example.com
P00036,Avery Rodriguez,Male,1984-04-05,41,+1-555-984-1887,p00036@example.com
P00037,Alex Rodriguez,Male,1949-06-08,76,+1-555-919-2790,p00037@example.com
P00038,Casey Garcia,Male,1969-11-19,56,+1-555-243-7912,p00038@example.com
P00039,Riley Martinez,Female,1961-01-05,64,+1-555-995-2235,p00039@example.com
P00040,Quinn Johnson,Female,1996-05-08,29,+1-555-767-9856,p00040@example.com
P00041,Jordan Garcia,Female,1938-01-19,87,+1-555-516-8956,p00041@example.com
P00042,Casey Rodriguez,Female,2001-07-21,24,+1-555-268-7209,p00042@example.com
P00043,Avery Miller,Male,1936-05-02,89,+1-555-392-7930,p00043@example.com
P00044,Taylor Garcia,Male,2002-04-12,23,+1-555-322-1958,p00044@example.com
P00045,Morgan Smith,Female,1944-05-03,81,+1-555-698-8811,p00045@example.com
P00046,Quinn Brown,Female,2004-06-24,21,+1-555-620-2312,p00046@example.com
P00047,Jordan Wilson,Female,1961-05-01,64,+1-555-791-4853,p00047@example.com
P00048,Jordan Wilson,Female,1990-12-30,34,+1-555-692-1651,p00048@example.com
P00049,Avery Wilson,Male,1947-03-14,78,+1-555-367-4346,p00049@example.com
P00050,Casey Miller,Male,1978-10-20,47,+1-555-234-5915,p00050@example.com
P00051,Morgan Johnson,Female,1998-04-09,27,+1-555-569-2638,p00051@example.com
P00052,Quinn Garcia,Male,1946-01-05,79,+1-555-235-6718,p00052@example.com
P00053,Casey Davis,Male,1945-05-28,80,+1-555-261-8179,p00053@example.com
P00054,Parker Lee,Female,1977-03-19,48,+1-555-783-5905,p00054@example.com
P00055,Taylor Miller,Female,1950-02-20,75,+1-555-209-3546,p00055@example.com
P00056,Riley Wilson,Female,1973-02-08,52,+1-555-834-6617,p00056@example.com
P00057,Riley Lee,Male,1963-10-02,62,+1-555-357-1832,p00057@example.com
P00058,Avery Miller,Female,1948-08-08,77,+1-555-103-6464,p00058@example.com
P00059,Riley Brown,Male,1953-11-05,72,+1-555-664-8007,p00059@example.com
P00060,Jordan Johnson,Female,1937-05-11,88,+1-555-658-1590,p00060@example.com
P00061,Parker Lee,Female,1986-04-17,39,+1-555-540-3088,p00061@example.com
P00062,Riley Davis,Female,1941-09-25,84,+1-555-466-4441,p00062@example.com
P00063,Jordan Davis,Male,1970-01-01,55,+1-555-735-3532,p00063@example.com
P00064,Taylor Brown,Male,1968-04-05,57,+1-555-125-3938,p00064@example.com
P00065,Avery Garcia,Male,1981-04-02,44,+1-555-263-2771,p00065@example.com
P00066,Alex Martinez,Female,1988-02-08,37,+1-555-304-8541,p00066@example.com
P00067,Riley Garcia,Female,1983-08-19,42,+1-555-124-4164,p00067@example.com
P00068,Morgan Miller,Female,1990-04-10,35,+1-555-891-5573,p00068@example.com
P00069,Quinn Rodriguez,Male,1983-11-01,42,+1-555-128-2889,p00069@example.com
P00070,Taylor Wilson,Male,1971-08-05,54,+1-555-139-2776,p00070@example.com
P00071,Morgan Davis,Male,1995-03-09,30,+1-555-720-9379,p00071@example.com
P00072,Avery Wilson,Female,1951-10-13,74,+1-555-360-1727,p00072@example.com
P00073,Alex Lee,Female,1995-05-22,30,+1-555-472-8066,p00073@example.com
P00074,Morgan Wilson,Male,1945-07-25,80,+1-555-779-3041,p00074@example.com
P00075,Quinn Miller,Male,1976-11-30,49,+1-555-434-7592,p00075@example.com
P00076,Quinn Brown,Female,1976-04-12,49,+1-555-530-7211,p00076@example.com
P00077,Parker Wilson,Male,1959-09-23,66,+1-555-515-9977,p00077@example.com
P00078,Riley Miller,Female,1936-02-05,89,+1-555-540-6279,p00078@example.com
P00079,Cameron Martinez,Female,1999-04-30,26,+1-555-623-8752,p00079@example.com
P00080,Jordan Miller,Male,1959-02-19,66,+1-555-195-4848,p00080@example.com
P00081,Casey Garcia,Female,1978-04-16,47,+1-555-125-1757,p00081@example.com
P00082,Cameron Wilson,Female,1969-05-13,56,+1-555-566-7790,p00082@example.com
P00083,Avery Martinez,Male,1962-07-03,63,+1-555-349-3417,p00083@example.com
P00084,Jordan Rodriguez,Female,1936-10-18,89,+1-555-280-9486,p00084@example.com
P00085,Alex Lee,Female,1999-04-08,26,+1-555-968-2988,p00085@example.com
P00086,Taylor Martinez,Male,1998-03-02,27,+1-555-873-8251,p00086@example.com
P00087,Avery Lee,Male,2004-09-28,21,+1-555-262-8777,p00087@example.com
P00088,Riley Garcia,Male,1997-04-18,28,+1-555-884-9540,p00088@example.com
P00089,Casey Miller,Male,2001-12-29,23,+1-555-179-5681,p00089@example.com
P00090,Riley Davis,Male,1967-12-16,58,+1-555-653-2320,p00090@example.com
P00091,Taylor Garcia,Male,1954-11-16,71,+1-555-810-3503,p00091@example.com
P00092,Jordan Rodriguez,Male,1965-02-28,60,+1-555-438-9890,p00092@example.com
P00093,Avery Smith,Female,1999-06-15,26,+1-555-952-7883,p00093@example.com
P00094,Parker Smith,Male,1989-01-18,36,+1-555-588-1096,p00094@example.com
P00095,Riley Rodriguez,Male,1983-12-01,42,+1-555-651-9947,p00095@example.com
P00096,Cameron Garcia,Male,1966-01-21,59,+1-555-546-8956,p00096@example.com
P00097,Avery Davis,Male,1939-12-29,85,+1-555-841-3704,p00097@example.com
P00098,Taylor Wilson,Female,1999-08-27,26,+1-555-503-1444,p00098@example.com
P00099,Avery Brown,Male,1947-06-20,78,+1-555-286-1823,p00099@example.com
P00100,Avery Davis,Female,1971-06-13,54,+1-555-565-6355,p00100@example.com
P00101,Avery Miller,Male,1981-12-22,44,+1-555-358-2341,p00101@example.com
P00102,Alex Lee,Female,2000-01-19,25,+1-555-458-4673,p00102@example.com
P00103,Alex Smith,Female,1945-05-19,80,+1-555-304-1333,p00103@example.com
P00104,Casey Brown,Male,1956-10-12,69,+1-555-785-2874,p00104@example.com
P00105,Cameron Miller,Male,1965-09-15,60,+1-555-271-2876,p00105@example.com
P00106,Riley Johnson,Female,1958-05-01,67,+1-555-419-7149,p00106@example.com
P00107,Casey Johnson,Female,1990-01-10,35,+1-555-204-5941,p00107@example.com
P00108,Parker Smith,Male,1952-07-08,73,+1-555-645-8018,p00108@example.com
P00109,Jordan Lee,Male,1986-06-23,39,+1-555-112-7882,p00109@example.com
P00110,Jordan Rodriguez,Male,2002-10-04,23,+1-555-750-8532,p00110@example.com
P00111,Avery Brown,Male,1956-11-11,69,+1-555-730-9817,p00111@example.com
P00112,Cameron Rodriguez,Male,2001-11-05,24,+1-555-430-5022,p00112@example.com
P00113,Riley Martinez,Female,1947-11-02,78,+1-555-868-8613,p00113@example.com
P00114,Morgan Smith,Male,1987-08-16,38,+1-555-971-6325,p00114@example.com
P00115,Cameron Garcia,Male,1960-10-15,65,+1-555-916-5232,p00115@example.com
P00116,Riley Wilson,Male,1982-05-12,43,+1-555-669-1166,p00116@example.com
P00117,Casey Johnson,Female,2006-05-10,19,+1-555-837-7658,p00117@example.com
P00118,Quinn Garcia,Male,2002-07-15,23,+1-555-761-9041,p00118@example.com
P00119,Alex Johnson,Male,1997-01-14,28,+1-555-326-7625,p00119@example.com
P00120,Riley Wilson,Male,1969-02-26,56,+1-555-584-9698,p00120@example.com
P00121,Avery Lee,Male,1982-10-29,43,+1-555-460-8434,p00121@example.com
P00122,Riley Miller,Female,1972-11-29,53,+1-555-223-4155,p00122@example.com
P00123,Jordan Lee,Female,1978-12-27,46,+1-555-296-4545,p00123@example.com
P00124,Riley Wilson,Male,2001-12-10,24,+1-555-202-4180,p00124@example.com
P00125,Casey Davis,Female,1976-05-11,49,+1-555-409-1231,p00125@example.com
P00126,Riley Smith,Female,1953-04-08,72,+1-555-666-5786,p00126@example.com
P00127,Cameron Johnson,Female,1953-03-24,72,+1-555-687-5658,p00127@example.com
P00128,Cameron Martinez,Male,1999-12-05,26,+1-555-288-1841,p00128@example.com
P00129,Cameron Johnson,Female,1970-05-28,55,+1-555-510-9056,p00129@example.com
P00130,Parker Smith,Female,1946-02-15,79,+1-555-252-5978,p00130@example.com
P00131,Casey Johnson,Male,1947-08-20,78,+1-555-720-4697,p00131@example.com
P00132,Avery Martinez,Male,2007-03-01,18,+1-555-404-8025,p00132@example.com
P00133,Parker Wilson,Female,1977-08-08,48,+1-555-724-2625,p00133@example.com
P00134,Casey Miller,Female,1964-04-27,61,+1-555-260-4929,p00134@example.com
P00135,Quinn Johnson,Female,1959-09-12,66,+1-555-102-7693,p00135@example.com
P00136,Parker Martinez,Male,1997-05-10,28,+1-555-133-4792,p00136@example.com
P00137,Riley Martinez,Female,1975-04-03,50,+1-555-803-4824,p00137@example.com
P00138,Parker Garcia,Male,1972-01-18,53,+1-555-217-9922,p00138@example.com
P00139,Taylor Miller,Female,1966-08-21,59,+1-555-173-1977,p00139@example.com
P00140,Riley Wilson,Male,1958-08-16,67,+1-555-549-3037,p00140@example.com
P00141,Riley Rodriguez,Male,1999-10-31,26,+1-555-612-9847,p00141@example.com
P00142,Cameron Johnson,Female,2003-04-01,22,+1-555-542-6280,p00142@example.com
P00143,Alex Johnson,Female,1970-02-12,55,+1-555-790-1339,p00143@example.com
P00144,Parker Smith,Female,1972-09-20,53,+1-555-581-9502,p00144@example.com
P00145,Riley Brown,Male,1996-03-24,29,+1-555-750-9056,p00145@example.com
P00146,Cameron Davis,Male,1948-06-17,77,+1-555-441-6260,p00146@example.com
P00147,Taylor Davis,Male,1950-04-12,75,+1-555-810-9117,p00147@example.com
P00148,Avery Lee,Female,1975-04-08,50,+1-555-565-2442,p00148@example.com
P00149,Riley Davis,Female,1978-11-06,47,+1-555-891-7622,p00149@example.com
P00150,Alex Lee,Male,2006-01-29,19,+1-555-523-1888,p00150@example.com
P00151,Quinn Davis,Male,1961-07-28,64,+1-555-740-8242,p00151@example.com
P00152,Casey Miller,Female,1943-01-25,82,+1-555-394-8178,p00152@example.com
P00153,Jordan Smith,Female,2002-01-04,23,+1-555-826-3594,p00153@example.com
P00154,Quinn Smith,Male,1978-05-02,47,+1-555-195-4681,p00154@example.com
P00155,Cameron Johnson,Female,1951-06-26,74,+1-555-610-5781,p00155@example.com
P00156,Riley Rodriguez,Male,2005-04-19,20,+1-555-583-4993,p00156@example.com
P00157,Quinn Brown,Male,1998-03-18,27,+1-555-295-9327,p00157@example.com
P00158,Jordan Miller,Male,1954-08-15,71,+1-555-448-9318,p00158@example.com
P00159,Alex Miller,Male,1972-05-27,53,+1-555-957-9022,p00159@example.com
P00160,Cameron Lee,Male,1956-04-07,69,+1-555-453-6446,p00160@example.com
P00161,Cameron Davis,Female,1987-05-19,38,+1-555-814-4912,p00161@example.com
P00162,Casey Rodriguez,Female,1988-03-01,37,+1-555-425-8749,p00162@example.com
P00163,Avery Brown,Male,1987-12-05,38,+1-555-137-3068,p00163@example.com
P00164,Parker Davis,Female,2004-05-27,21,+1-555-995-8213,p00164@example.com
P00165,Quinn Martinez,Female,1949-08-12,76,+1-555-839-3361,p00165@example.com
P00166,Taylor Johnson,Male,1991-11-03,34,+1-555-900-5342,p00166@example.com
P00167,Parker Rodriguez,Female,1982-02-13,43,+1-555-972-6383,p00167@example.com
P00168,Morgan Martinez,Female,1987-10-05,38,+1-555-732-2121,p00168@example.com
P00169,Riley Garcia,Female,1967-12-29,57,+1-555-544-2612,p00169@example.com
P00170,Cameron Brown,Male,1949-09-20,76,+1-555-129-1753,p00170@example.com
P00171,Alex Miller,Male,1980-03-10,45,+1-555-483-8056,p00171@example.com
P00172,Casey Lee,Male,1955-11-08,70,+1-555-679-3950,p00172@example.com
P00173,Taylor Johnson,Male,1959-03-06,66,+1-555-734-4945,p00173@example.com
P00174,Parker Brown,Female,2003-10-10,22,+1-555-572-5161,p00174@example.com
P00175,Riley Smith,Male,1998-08-03,27,+1-555-394-9955,p00175@example.com
P00176,Jordan Martinez,Male,1957-07-17,68,+1-555-701-5901,p00176@example.com
P00177,Riley Martinez,Male,1993-10-15,32,+1-555-303-7302,p00177@example.com
P00178,Jordan Garcia,Male,2001-10-21,24,+1-555-685-6881,p00178@example.com
P00179,Riley Smith,Male,1976-04-23,49,+1-555-381-1132,p00179@example.com
P00180,Parker Martinez,Male,1942-09-19,83,+1-555-894-4770,p00180@example.com
P00181,Casey Garcia,Male,1983-12-29,41,+1-555-794-3240,p00181@example.com
P00182,Alex Miller,Male,1949-04-07,76,+1-555-134-6977,p00182@example.com
P00183,Jordan Miller,Male,1953-12-04,72,+1-555-865-7807,p00183@example.com
P00184,Casey Brown,Male,1959-12-12,66,+1-555-643-9221,p00184@example.com
P00185,Taylor Miller,Male,1973-02-17,52,+1-555-925-5835,p00185@example.com
P00186,Jordan Martinez,Female,1982-02-21,43,+1-555-244-4696,p00186@example.com
P00187,Quinn Davis,Female,1990-02-16,35,+1-555-909-7464,p00187@example.com
P00188,Riley Lee,Female,1937-12-08,88,+1-555-565-7038,p00188@example.com
P00189,Parker Rodriguez,Male,1971-09-21,54,+1-555-210-4830,p00189@example.com
P00190,Alex Wilson,Male,2000-03-17,25,+1-555-724-4626,p00190@example.com
P00191,Cameron Miller,Male,1944-08-23,81,+1-555-219-3290,p00191@example.com
P00192,Alex Miller,Male,1942-03-19,83,+1-555-218-2592,p00192@example.com
P00193,Quinn Brown,Male,1967-12-31,57,+1-555-564-7078,p00193@example.com
P00194,Parker Brown,Male,1993-01-31,32,+1-555-770-2622,p00194@example.com
P00195,Parker Rodriguez,Male,2002-08-23,23,+1-555-133-7070,p00195@example.com
P00196,Cameron Martinez,Female,1965-08-11,60,+1-555-975-6942,p00196@example.com
P00197,Morgan Lee,Male,1949-07-25,76,+1-555-162-7523,p00197@example.com
P00198,Casey Johnson,Male,1973-08-03,52,+1-555-193-4475,p00198@example.com
P00199,Alex Davis,Female,1938-12-13,87,+1-555-228-4362,p00199@example.com
P00200,Quinn Garcia,Female,1945-05-19,80,+1-555-932-4817,p00200@example.com
P00201,Taylor Wilson,Female,1980-10-04,45,+1-555-383-3370,p00201@example.com
P00202,Quinn Miller,Female,1953-09-25,72,+1-555-212-1422,p00202@example.com
P00203,Alex Davis,Female,1953-12-24,72,+1-555-702-6304,p00203@example.com
P00204,Taylor Miller,Female,1938-03-10,87,+1-555-229-7897,p00204@example.com
P00205,Jordan Johnson,Male,2007-08-23,18,+1-555-559-6931,p00205@example.com
P00206,Parker Johnson,Male,2005-11-22,20,+1-555-615-4629,p00206@example.com
P00207,Quinn Miller,Male,1941-12-11,84,+1-555-758-1510,p00207@example.com
P00208,Cameron Rodriguez,Male,1944-04-27,81,+1-555-802-2768,p00208@example.com
P00209,Cameron Johnson,Female,2002-10-07,23,+1-555-429-3430,p00209@example.com
P00210,Taylor Miller,Male,1944-12-24,80,+1-555-490-9692,p00210@example.com
P00211,Cameron Lee,Male,1976-03-05,49,+1-555-201-2874,p00211@example.com
P00212,Avery Martinez,Female,1965-04-22,60,+1-555-523-6553,p00212@example.com
P00213,Avery Rodriguez,Female,1997-10-06,28,+1-555-420-7992,p00213@example.com
P00214,Riley Davis,Female,1978-07-30,47,+1-555-803-8770,p00214@example.com
P00215,Jordan Johnson,Female,1945-03-06,80,+1-555-542-2582,p00215@example.com
P00216,Taylor Lee,Female,1986-10-04,39,+1-555-700-6400,p00216@example.com
P00217,Avery Davis,Male,1952-09-04,73,+1-555-988-1842,p00217@example.com
P00218,Parker Miller,Male,1975-03-10,50,+1-555-206-9313,p00218@example.com
P00219,Taylor Martinez,Female,1964-12-29,60,+1-555-967-2773,p00219@example.com
P00220,Quinn Davis,Female,1983-09-10,42,+1-555-880-5564,p00220@example.com
P00221,Avery Lee,Female,1966-10-27,59,+1-555-723-5381,p00221@example.com
P00222,Taylor Miller,Male,1939-12-25,85,+1-555-447-6751,p00222@example.com
P00223,Taylor Brown,Male,1936-11-14,89,+1-555-171-3324,p00223@example.com
P00224,Jordan Lee,Female,1940-03-19,85,+1-555-485-7878,p00224@example.com
P00225,Morgan Brown,Male,1997-10-13,28,+1-555-419-6314,p00225@example.com
P00226,Alex Brown,Female,1947-08-09,78,+1-555-872-1815,p00226@example.com
P00227,Riley Martinez,Male,1947-02-22,78,+1-555-597-8242,p00227@example.com
P00228,Riley Garcia,Female,1992-05-30,33,+1-555-453-8043,p00228@example.com
P00229,Riley Wilson,Male,1951-02-18,74,+1-555-639-6053,p00229@example.com
P00230,Casey Rodriguez,Female,1942-03-23,83,+1-555-107-4349,p00230@example.com
P00231,Casey Brown,Male,1977-01-24,48,+1-555-396-6375,p00231@example.com
P00232,Alex Martinez,Male,1952-05-15,73,+1-555-279-3116,p00232@example.com
P00233,Quinn Garcia,Male,1987-10-15,38,+1-555-173-7505,p00233@example.com
P00234,Avery Smith,Male,1941-10-19,84,+1-555-179-6129,p00234@example.com
P00235,Parker Rodriguez,Male,1994-06-20,31,+1-555-396-2887,p00235@example.com
P00236,Alex Davis,Female,1991-03-02,34,+1-555-920-8538,p00236@example.com
P00237,Jordan Rodriguez,Female,1985-04-16,40,+1-555-349-8138,p00237@example.com
P00238,Quinn Johnson,Male,1990-07-17,35,+1-555-991-6083,p00238@example.com
P00239,Casey Davis,Female,1982-04-01,43,+1-555-178-9363,p00239@example.com
P00240,Quinn Lee,Female,1951-07-24,74,+1-555-894-6724,p00240@example.com
P00241,Taylor Garcia,Female,1983-10-29,42,+1-555-249-5193,p00241@example.com
P00242,Taylor Wilson,Female,1962-11-21,63,+1-555-878-2234,p00242@example.com
P00243,Cameron Martinez,Male,1960-02-25,65,+1-555-797-6295,p00243@example.com
P00244,Taylor Martinez,Female,1979-01-25,46,+1-555-580-8245,p00244@example.com
P00245,Riley Wilson,Female,1977-04-03,48,+1-555-460-9312,p00245@example.com
P00246,Riley Martinez,Male,1946-02-20,79,+1-555-138-1932,p00246@example.com
P00247,Riley Johnson,Female,1986-03-24,39,+1-555-729-9307,p00247@example.com
P00248,Cameron Wilson,Female,1988-05-15,37,+1-555-560-4084,p00248@example.com
P00249,Parker Martinez,Female,1979-10-20,46,+1-555-163-8381,p00249@example.com
P00250,Morgan Johnson,Female,1950-02-16,75,+1-555-140-5059,p00250@example.com
