<?xml version="1.0" encoding="UTF-8"?>
<Document id="0000227" source="MPlusHealthTopics" url="https://www.nlm.nih.gov/medlineplus/compulsivegambling.html">
<Focus>Compulsive Gambling</Focus>
<FocusAnnotations>
	<Category>Disease</Category>
	<UMLS>
		<CUIs>
			<CUI>C0030662</CUI>
		</CUIs>
		<SemanticTypes>
			<SemanticType>T048</SemanticType>
		</SemanticTypes>
		<SemanticGroup>Disorders</SemanticGroup>
	</UMLS>
	<Synonyms>
		<Synonym>Gambling addiction</Synonym>
	</Synonyms>
</FocusAnnotations>
<QAPairs>
	<QAPair pid="1">
			<Question qid="0000227-1" qtype="information">What is (are) Compulsive Gambling ?</Question>
			<Answer>Many people enjoy gambling, whether it&apos;s betting on a horse or playing poker on the Internet. Most people who gamble don&apos;t have a problem, but some lose control of their gambling. Signs of problem gambling include        -  Always thinking about gambling    -  Lying about gambling    -  Spending work or family time gambling     -  Feeling bad after you gamble, but not quitting     -  Gambling with money you need for other things       If you have concerns about your gambling, ask for help. Your health care provider can work with you to find the treatment that&apos;s best for you.    NIH: National Institutes of Health</Answer>
	</QAPair>
</QAPairs>
</Document>
