<?xml version="1.0" encoding="UTF-8"?>
<Document id="0000639" source="MPlusHealthTopics" url="https://www.nlm.nih.gov/medlineplus/nativehawaiianandpacificislanderhealth.html">
<Focus>Native Hawaiian and Pacific Islander Health</Focus>
<FocusAnnotations>
	<Category>Other</Category>
</FocusAnnotations>
<QAPairs>
	<QAPair pid="1">
			<Question qid="0000639-1" qtype="information">Do you have information about Native Hawaiian and Pacific Islander Health</Question>
			<Answer>Summary : Every racial or ethnic group has specific health concerns. Differences in the health of groups can result from:       - Genetics    - Environmental factors    - Access to care    - Cultural factors       On this page, you&apos;ll find links to health issues that affect Native Hawaiians and Pacific Islanders.</Answer>
	</QAPair>
</QAPairs>
</Document>
