<?xml version="1.0" encoding="UTF-8"?>
<Document id="0000622" source="MPlusHealthTopics" url="https://www.nlm.nih.gov/medlineplus/mouthdisorders.html">
<Focus>Mouth Disorders</Focus>
<FocusAnnotations>
	<Category>Disease</Category>
	<UMLS>
		<CUIs>
			<CUI>C0026636</CUI>
		</CUIs>
		<SemanticTypes>
			<SemanticType>T047</SemanticType>
		</SemanticTypes>
		<SemanticGroup>Disorders</SemanticGroup>
	</UMLS>
</FocusAnnotations>
<QAPairs>
	<QAPair pid="1">
			<Question qid="0000622-1" qtype="information">What is (are) Mouth Disorders ?</Question>
			<Answer>Your mouth is one of the most important parts of your body. Any problem that affects your mouth can make it hard to eat, drink or even smile.     Some common mouth problems include       - Cold sores - painful sores on the lips and around the mouth, caused by a virus    - Canker sores - painful sores in the mouth, caused by bacteria or viruses    - Thrush - a yeast infection that causes white patches in your mouth     - Leukoplakia - white patches of excess cell growth on the cheeks, gums or tongue, common in smokers    - Dry mouth - a lack of enough saliva, caused by some medicines and certain diseases    - Gum or tooth problems    - Bad breath       Treatment for mouth disorders varies, depending on the problem. Keeping a clean mouth by brushing and flossing often is important.</Answer>
	</QAPair>
</QAPairs>
</Document>
