<?xml version="1.0" encoding="UTF-8"?>
<Document id="0000846" source="MPlusHealthTopics" url="https://www.nlm.nih.gov/medlineplus/sportssafety.html">
<Focus>Sports Safety</Focus>
<FocusAnnotations>
	<Category>Other</Category>
</FocusAnnotations>
<QAPairs>
	<QAPair pid="1">
			<Question qid="0000846-1" qtype="information">Do you have information about Sports Safety</Question>
			<Answer>Summary : Playing sports can be fun, but it can also be dangerous if you are not careful. You can help prevent injuries by       - Getting a physical to make sure you are healthy before you start playing your sport    - Wearing the right shoes, gear, and equipment     - Drinking lots of water     - Warming up and stretching       If you have already hurt yourself playing a sport, make sure you recover completely before you start up again. If possible, protect the injured part of your body with padding, a brace, or special equipment. When you do start playing again, start slowly.</Answer>
	</QAPair>
</QAPairs>
</Document>
