<?xml version="1.0" encoding="UTF-8"?>
<Document id="0000210" source="MPlusHealthTopics" url="https://www.nlm.nih.gov/medlineplus/clubdrugs.html">
<Focus>Club Drugs</Focus>
<FocusAnnotations>
	<Category>Other</Category>
</FocusAnnotations>
<QAPairs>
	<QAPair pid="1">
			<Question qid="0000210-1" qtype="information">Do you have information about Club Drugs</Question>
			<Answer>Summary : Club drugs are group of psychoactive drugs. They act on the central nervous system and can cause changes in mood, awareness, and how you act. These drugs are often abused by young adults at all-night dance parties, dance clubs, and bars. They include       - Methylenedioxymethamphetamine (MDMA), also known as Ecstasy XTC, X, E, Adam, Molly, Hug Beans, and Love Drug    - Gamma-hydroxybutyrate (GHB), also known as G, Liquid Ecstasy, and Soap    - Ketamine, also known as Special K, K, Vitamin K, and Jet    - Rohypnol, also known as Roofies    - Methamphetamine, also known as Speed, Ice, Chalk, Meth, Crystal, Crank, and Glass    - Lysergic Acid Diethylamide (LSD), also known as Acid, Blotter, and Dots       Some of these drugs are approved for certain medical uses. Other uses of these drugs are abuse.    Club drugs are also sometimes used as &quot;date rape&quot; drugs, to make someone unable to say no to or fight back against sexual assault. Abusing these drugs can cause serious health problems and sometimes death. They are even more dangerous if you use them with alcohol.     NIH: National Institute on Drug Abuse</Answer>
	</QAPair>
</QAPairs>
</Document>
