<?xml version="1.0" encoding="UTF-8"?>
<Document id="0000655" source="MPlusHealthTopics" url="https://www.nlm.nih.gov/medlineplus/nutritionalsupport.html">
<Focus>Nutritional Support</Focus>
<FocusAnnotations>
	<Category>Other</Category>
	<Synonyms>
		<Synonym>Artificial feeding</Synonym>
		<Synonym>Artificial hydration and nutrition</Synonym>
		<Synonym>Hyperalimentation</Synonym>
		<Synonym>Parenteral nutrition</Synonym>
		<Synonym>TPN</Synonym>
		<Synonym>Tube feeding</Synonym>
	</Synonyms>
</FocusAnnotations>
<QAPairs>
	<QAPair pid="1">
			<Question qid="0000655-1" qtype="information">Do you have information about Nutritional Support</Question>
			<Answer>Summary : Nutritional support is therapy for people who cannot get enough nourishment by eating or drinking. You may need it if you        - Can&apos;t swallow    - Have problems with your appetite    - Are severely malnourished    - Can&apos;t absorb nutrients through your digestive system       You receive nutritional support through a needle or catheter placed in your vein or with a feeding tube, which goes into your stomach.</Answer>
	</QAPair>
</QAPairs>
</Document>
