<?xml version="1.0" encoding="UTF-8"?>
<Document id="0000875" source="MPlusHealthTopics" url="https://www.nlm.nih.gov/medlineplus/teenmentalhealth.html">
<Focus>Teen Mental Health</Focus>
<FocusAnnotations>
	<Category>Other</Category>
</FocusAnnotations>
<QAPairs>
	<QAPair pid="1">
			<Question qid="0000875-1" qtype="information">Do you have information about Teen Mental Health</Question>
			<Answer>Summary : Being a teenager is hard. You&apos;re under stress to be liked, do well in school, get along with your family, and make big decisions. You can&apos;t avoid most of these pressures, and worrying about them is normal. But feeling very sad, hopeless or worthless could be warning signs of a mental health problem.    Mental health problems are real, painful, and sometimes severe. You might need help if you have the signs mentioned above, or if you        -  Often feel very angry or very worried     -  Feel grief for a long time after a loss or death    -  Think your mind is controlled or out of control    -  Use alcohol or drugs    -  Exercise, diet and/or binge-eat obsessively     -  Hurt other people or destroy property     -  Do reckless things that could harm you or others       Mental health problems can be treated. To find help, talk to your parents, school counselor, or health care provider.</Answer>
	</QAPair>
</QAPairs>
</Document>
