<?xml version="1.0" encoding="UTF-8"?>
<Document id="0000372" source="MPlusHealthTopics" url="https://www.nlm.nih.gov/medlineplus/folicacid.html">
<Focus>Folic Acid</Focus>
<FocusAnnotations>
	<Category>Other</Category>
	<Synonyms>
		<Synonym>Folacin</Synonym>
		<Synonym>Folate</Synonym>
		<Synonym>Pteroylglutamic acid</Synonym>
		<Synonym>Vitamin B9</Synonym>
	</Synonyms>
</FocusAnnotations>
<QAPairs>
	<QAPair pid="1">
			<Question qid="0000372-1" qtype="information">Do you have information about Folic Acid</Question>
			<Answer>Summary : Folic acid is a B vitamin. It helps the body make healthy new cells. Everyone needs folic acid. For women who may get pregnant, it is really important. Getting enough folic acid before and during pregnancy can prevent major birth defects of her baby&apos;s brain or spine.     Foods with folic acid in them include       - Leafy green vegetables    - Fruits    - Dried beans, peas, and nuts    - Enriched breads, cereals and other grain products       If you don&apos;t get enough folic acid from the foods you eat, you can also take it as a dietary supplement.    NIH: National Institutes of Health Office of Dietary Supplements</Answer>
	</QAPair>
</QAPairs>
</Document>
