<?xml version="1.0" encoding="UTF-8"?>
<Document id="0000294" source="MPlusHealthTopics" url="https://www.nlm.nih.gov/medlineplus/divorce.html">
<Focus>Divorce</Focus>
<FocusAnnotations>
	<Category>Disease</Category>
	<UMLS>
		<CUIs>
			<CUI>C0086170</CUI>
		</CUIs>
		<SemanticTypes>
			<SemanticType>T033</SemanticType>
		</SemanticTypes>
		<SemanticGroup>Disorders</SemanticGroup>
	</UMLS>
</FocusAnnotations>
<QAPairs>
	<QAPair pid="1">
			<Question qid="0000294-1" qtype="information">What is (are) Divorce ?</Question>
			<Answer>Divorce is the legal breakup of a marriage. Like every major life change, divorce is stressful. It affects finances, living arrangements, household jobs, schedules, and more. If the family includes children, they may be deeply affected.</Answer>
	</QAPair>
</QAPairs>
</Document>
