<?xml version="1.0" encoding="UTF-8"?>
<Document id="0000520" source="MPlusHealthTopics" url="https://www.nlm.nih.gov/medlineplus/internetsafety.html">
<Focus>Internet Safety</Focus>
<FocusAnnotations>
	<Category>Other</Category>
</FocusAnnotations>
<QAPairs>
	<QAPair pid="1">
			<Question qid="0000520-1" qtype="information">Do you have information about Internet Safety</Question>
			<Answer>Summary : For most kids and teens, technology is an important part of their lives. They browse the Web for information, use social networking sites, text, and chat. But there can also be dangers, and it is important for parents to monitor their children&apos;s use and teach them how to be safe online:       - Never give out personal information, such as your full name, address, phone number, or school name    - Tell an adult if any communication (chat, text, e-mail message) makes you feel threatened or uncomfortable    - Never send sexually explicit photographs or messages    - On social networking sites, use privacy controls and only friend people that you know       Of course, some of this advice is good for adults, too.</Answer>
	</QAPair>
</QAPairs>
</Document>
