<?xml version="1.0" encoding="UTF-8"?>
<Document id="0000575" source="MPlusHealthTopics" url="https://www.nlm.nih.gov/medlineplus/malabsorptionsyndromes.html">
<Focus>Malabsorption Syndromes</Focus>
<FocusAnnotations>
	<Category>Disease</Category>
	<UMLS>
		<CUIs>
			<CUI>C0024523</CUI>
		</CUIs>
		<SemanticTypes>
			<SemanticType>T047</SemanticType>
		</SemanticTypes>
		<SemanticGroup>Disorders</SemanticGroup>
	</UMLS>
</FocusAnnotations>
<QAPairs>
	<QAPair pid="1">
			<Question qid="0000575-1" qtype="information">What is (are) Malabsorption Syndromes ?</Question>
			<Answer>Your small intestine does most of the digesting of the foods you eat. If you have a malabsorption syndrome, your small intestine cannot absorb nutrients from foods.    Causes of malabsorption syndromes include       - Celiac disease    - Lactose intolerance    - Short bowel syndrome. This happens after surgery to remove half or more of the small intestine. You might need the surgery if you have a problem with the small intestine from a disease, injury, or birth defect.    - Whipple disease, a rare bacterial infection    - Genetic diseases    - Certain medicines       Symptoms of different malabsorption syndromes can vary. They often include chronic diarrhea, abnormal stools, weight loss, and gas. Your doctor may use lab, imaging, or other tests to make a diagnosis.    Treatment of malabsorption syndromes depends on the cause.</Answer>
	</QAPair>
</QAPairs>
</Document>
