<?xml version="1.0" encoding="UTF-8"?>
<Document id="0000111" source="MPlusHealthTopics" url="https://www.nlm.nih.gov/medlineplus/bodyweight.html">
<Focus>Body Weight</Focus>
<FocusAnnotations>
	<Category>Other</Category>
</FocusAnnotations>
<QAPairs>
	<QAPair pid="1">
			<Question qid="0000111-1" qtype="information">Do you have information about Body Weight</Question>
			<Answer>Summary : Do you know if your current weight is healthy? &quot;Underweight&quot;, &quot;normal&quot;, &quot;overweight&quot;, and &quot;obese&quot; are all labels for ranges of weight. Obese and overweight mean that your weight is greater than it should be for your health. Underweight means that it is lower than it should be for your health. Your healthy body weight depends on your sex and height. For children, it also depends on your age.    A sudden, unexpected change in weight can be a sign of a medical problem. Causes for sudden weight loss can include       - Thyroid problems    - Cancer    - Infectious diseases    - Digestive diseases    - Certain medicines       Sudden weight gain can be due to medicines, thyroid problems, heart failure, and kidney disease.    Good nutrition and exercise can help in losing weight. Eating extra calories within a well-balanced diet and treating any underlying medical problems can help to add weight.</Answer>
	</QAPair>
</QAPairs>
</Document>
