<?xml version="1.0" encoding="UTF-8"?>
<Document id="0000185" source="MPlusHealthTopics" url="https://www.nlm.nih.gov/medlineplus/childbirthproblems.html">
<Focus>Childbirth Problems</Focus>
<FocusAnnotations>
	<Category>Disease</Category>
	<UMLS>
		<CUIs>
			<CUI>C3249873</CUI>
		</CUIs>
		<SemanticTypes>
			<SemanticType>T046</SemanticType>
		</SemanticTypes>
		<SemanticGroup>Disorders</SemanticGroup>
	</UMLS>
</FocusAnnotations>
<QAPairs>
	<QAPair pid="1">
			<Question qid="0000185-1" qtype="information">What is (are) Childbirth Problems ?</Question>
			<Answer>While childbirth usually goes well, complications can happen. They can cause a risk to the mother, baby, or both. Possible complications include       - Preterm (premature) labor, when labor starts before 37 completed weeks of pregnancy    - Problems with the umbilical cord    - Problems with the position of the baby, such as breech, in which the baby is going to come out feet first    - Birth injuries       For some of these problems, the baby may need to be delivered surgically by a Cesarean section.</Answer>
	</QAPair>
</QAPairs>
</Document>
