<?xml version="1.0" encoding="UTF-8"?>
<Document id="0000488" source="MPlusHealthTopics" url="https://www.nlm.nih.gov/medlineplus/hospicecare.html">
<Focus>Hospice Care</Focus>
<FocusAnnotations>
	<Category>Other</Category>
	<Synonyms>
		<Synonym>End-of-life care</Synonym>
	</Synonyms>
</FocusAnnotations>
<QAPairs>
	<QAPair pid="1">
			<Question qid="0000488-1" qtype="information">Do you have information about Hospice Care</Question>
			<Answer>Summary : Hospice care is end-of-life care. A team of health care professionals and volunteers provides it. They give medical, psychological, and spiritual support. The goal of the care is to help people who are dying have peace, comfort, and dignity. The caregivers try to control pain and other symptoms so a person can remain as alert and comfortable as possible. Hospice programs also provide services to support a patient&apos;s family.     Usually, a hospice patient is expected to live 6 months or less. Hospice care can take place       - At home    - At a hospice center    - In a hospital    - In a skilled nursing facility       NIH: National Cancer Institute</Answer>
	</QAPair>
</QAPairs>
</Document>
