<?xml version="1.0" encoding="UTF-8"?>
<Document id="0000341" source="MPlusHealthTopics" url="https://www.nlm.nih.gov/medlineplus/exerciseforseniors.html">
<Focus>Exercise for Seniors</Focus>
<FocusAnnotations>
	<Category>Other</Category>
	<Synonyms>
		<Synonym>Seniors' fitness</Synonym>
	</Synonyms>
</FocusAnnotations>
<QAPairs>
	<QAPair pid="1">
			<Question qid="0000341-1" qtype="information">Do you have information about Exercise for Seniors</Question>
			<Answer>Summary : Exercise and physical activity are good for just about everyone, including older adults. There are four main types and each type is different. Doing them all will give you more benefits.       - Endurance, or aerobic, activities increase your breathing and heart rate. Brisk walking or jogging, dancing, swimming, and biking are examples.    - Strength exercises make your muscles stronger. Lifting weights or using a resistance band can build strength.    - Balance exercises help prevent falls    - Flexibility exercises stretch your muscles and can help your body stay limber       NIH: National Institute on Aging</Answer>
	</QAPair>
</QAPairs>
</Document>
