<?xml version="1.0" encoding="UTF-8"?>
<Document id="0000394" source="MPlusHealthTopics" url="https://www.nlm.nih.gov/medlineplus/gaylesbianbisexualandtransgenderhealth.html">
<Focus>Gay, Lesbian, Bisexual and Transgender Health</Focus>
<FocusAnnotations>
	<Category>Disease</Category>
	<UMLS>
		<CUIs>
			<CUI>C2129310</CUI>
		</CUIs>
		<SemanticTypes>
			<SemanticType>T033</SemanticType>
		</SemanticTypes>
		<SemanticGroup>Disorders</SemanticGroup>
	</UMLS>
</FocusAnnotations>
<QAPairs>
	<QAPair pid="1">
			<Question qid="0000394-1" qtype="information">What is (are) Gay, Lesbian, Bisexual and Transgender Health ?</Question>
			<Answer>Gay, lesbian, bisexual and transgender individuals have special health concerns besides the usual ones that affect most men and women. On this page you&apos;ll find information about these specific health issues.</Answer>
	</QAPair>
</QAPairs>
</Document>
