<?xml version="1.0" encoding="UTF-8"?>
<Document id="0000691" source="MPlusHealthTopics" url="https://www.nlm.nih.gov/medlineplus/parenting.html">
<Focus>Parenting</Focus>
<FocusAnnotations>
	<Category>Disease</Category>
	<UMLS>
		<CUIs>
			<CUI>C0518120</CUI>
			<CUI>C3836557</CUI>
		</CUIs>
		<SemanticTypes>
			<SemanticType>T033</SemanticType>
		</SemanticTypes>
		<SemanticGroup>Disorders</SemanticGroup>
	</UMLS>
</FocusAnnotations>
<QAPairs>
	<QAPair pid="1">
			<Question qid="0000691-1" qtype="information">What is (are) Parenting ?</Question>
			<Answer>If you&apos;re a parent, you get plenty of suggestions on how to raise your child. From experts to other parents, people are always ready to offer advice. Parenting tips, parents&apos; survival guides, dos, don&apos;ts, shoulds and shouldn&apos;ts - new ones come out daily.    The truth is there is more than one &quot;right&quot; way to be a good parent. Good parenting includes       - Keeping your child safe    - Showing affection and listening to your child    - Providing order and consistency    - Setting and enforcing limits    - Spending time with your child    - Monitoring your child&apos;s friendships and activities    - Leading by example       NIH: National Institute of Child Health and Human Development</Answer>
	</QAPair>
</QAPairs>
</Document>
