<?xml version="1.0" encoding="UTF-8"?>
<Document id="0000659" source="MPlusHealthTopics" url="https://www.nlm.nih.gov/medlineplus/occupationalhealth.html">
<Focus>Occupational Health</Focus>
<FocusAnnotations>
	<Category>Other</Category>
</FocusAnnotations>
<QAPairs>
	<QAPair pid="1">
			<Question qid="0000659-1" qtype="information">Do you have information about Occupational Health</Question>
			<Answer>Summary : Occupational health problems occur at work or because of the kind of work you do. These problems can include       - Cuts, broken bones, sprains, and strains    - Loss of limbs    - Repetitive motion disorders    - Hearing problems caused by exposure to noise    - Vision problems    - Illness caused by breathing, touching, or swallowing unsafe substances    - Illness caused by exposure to radiation    - Exposure to germs in health care settings       Good job safety and prevention practices can reduce your risk of these problems. Try to stay fit, reduce stress, set up your work area properly, and use the right equipment and gear.</Answer>
	</QAPair>
</QAPairs>
</Document>
