<?xml version="1.0" encoding="UTF-8"?>
<Document id="0000704" source="MPlusHealthTopics" url="https://www.nlm.nih.gov/medlineplus/peritonealdisorders.html">
<Focus>Peritoneal Disorders</Focus>
<FocusAnnotations>
	<Category>Disease</Category>
	<UMLS>
		<CUIs>
			<CUI>C0031142</CUI>
		</CUIs>
		<SemanticTypes>
			<SemanticType>T047</SemanticType>
		</SemanticTypes>
		<SemanticGroup>Disorders</SemanticGroup>
	</UMLS>
</FocusAnnotations>
<QAPairs>
	<QAPair pid="1">
			<Question qid="0000704-1" qtype="information">What is (are) Peritoneal Disorders ?</Question>
			<Answer>Your peritoneum is the tissue that lines your abdominal wall and covers most of the organs in your abdomen. A liquid, peritoneal fluid, lubricates the surface of this tissue.    Disorders of the peritoneum are not common. They include       - Peritonitis - an inflammation of the peritoneum    - Cancer    - Complications from peritoneal dialysis       Your doctor may use imaging tests or lab tests to analyze the peritoneal fluid to diagnose the problem. Treatment of peritoneal disorders depends on the cause.</Answer>
	</QAPair>
</QAPairs>
</Document>
