<?xml version="1.0" encoding="UTF-8"?>
<Document id="0000706" source="MPlusHealthTopics" url="https://www.nlm.nih.gov/medlineplus/personalitydisorders.html">
<Focus>Personality Disorders</Focus>
<FocusAnnotations>
	<Category>Disease</Category>
	<UMLS>
		<CUIs>
			<CUI>C0031212</CUI>
		</CUIs>
		<SemanticTypes>
			<SemanticType>T048</SemanticType>
		</SemanticTypes>
		<SemanticGroup>Disorders</SemanticGroup>
	</UMLS>
</FocusAnnotations>
<QAPairs>
	<QAPair pid="1">
			<Question qid="0000706-1" qtype="information">What is (are) Personality Disorders ?</Question>
			<Answer>Personality disorders are a group of mental illnesses. They involve long-term patterns of thoughts and behaviors that are unhealthy and inflexible. The behaviors cause serious problems with relationships and work. People with personality disorders have trouble dealing with everyday stresses and problems. They often have stormy relationships with other people.    The cause of personality disorders is unknown. However, genes and childhood experiences may play a role.    The symptoms of each personality disorder are different. They can mild or severe. People with personality disorders may have trouble realizing that they have a problem. To them, their thoughts are normal, and they often blame others for their problems. They may try to get help because of their problems with relationships and work. Treatment usually includes talk therapy and sometimes medicine.</Answer>
	</QAPair>
</QAPairs>
</Document>
