<?xml version="1.0" encoding="UTF-8"?>
<Document id="0000265" source="MPlusHealthTopics" url="https://www.nlm.nih.gov/medlineplus/developmentaldisabilities.html">
<Focus>Developmental Disabilities</Focus>
<FocusAnnotations>
	<Category>Disease</Category>
	<UMLS>
		<CUIs>
			<CUI>C0008073</CUI>
		</CUIs>
		<SemanticTypes>
			<SemanticType>T048</SemanticType>
		</SemanticTypes>
		<SemanticGroup>Disorders</SemanticGroup>
	</UMLS>
</FocusAnnotations>
<QAPairs>
	<QAPair pid="1">
			<Question qid="0000265-1" qtype="information">What is (are) Developmental Disabilities ?</Question>
			<Answer>Developmental disabilities are severe, long-term problems. They may be physical, such as blindness. They may affect mental ability, such as learning disorders. Or the problem can be both physical and mental, such as Down syndrome. The problems are usually life-long, and can affect everyday living.     There are many causes of developmental disabilities, including       - Genetic or chromosome abnormalities. These cause conditions such as Down syndrome and Rett syndrome.    - Prenatal exposure to substances. Drinking alcohol when pregnant can cause fetal alcohol spectrum disorders.    - Certain viral infections during pregnancy    - Preterm birth       Often there is no cure, but treatment can help the symptoms. Treatments include physical, speech, and occupational therapy. Special education classes and psychological counseling can also help.    NIH: National Institute of Child Health and Human Development</Answer>
	</QAPair>
</QAPairs>
</Document>
