<?xml version="1.0" encoding="UTF-8"?>
<Document id="0000506" source="MPlusHealthTopics" url="https://www.nlm.nih.gov/medlineplus/infantandnewborncare.html">
<Focus>Infant and Newborn Care</Focus>
<FocusAnnotations>
	<Category>Other</Category>
	<Synonyms>
		<Synonym>Baby care</Synonym>
	</Synonyms>
</FocusAnnotations>
<QAPairs>
	<QAPair pid="1">
			<Question qid="0000506-1" qtype="information">Do you have information about Infant and Newborn Care</Question>
			<Answer>Summary : Going home with a new baby is exciting, but it can be scary, too. Newborns have many needs, like frequent feedings and diaper changes. Babies can have health issues that are different from older children and adults, like diaper rash and cradle cap.     Your baby will go through many changes during the first year of life. You may feel uneasy at first. Ask your health care provider for help if you need it.</Answer>
	</QAPair>
</QAPairs>
</Document>
