<?xml version="1.0" encoding="UTF-8"?>
<Document id="0000438" source="MPlusHealthTopics" url="https://www.nlm.nih.gov/medlineplus/healthyliving.html">
<Focus>Healthy Living</Focus>
<FocusAnnotations>
	<Category>Other</Category>
</FocusAnnotations>
<QAPairs>
	<QAPair pid="1">
			<Question qid="0000438-1" qtype="information">Do you have information about Healthy Living</Question>
			<Answer>Summary : Many factors affect your health. Some you cannot control, such as your genetic makeup or your age. But you can make changes to your lifestyle. By taking steps toward healthy living, you can help reduce your risk of heart disease, cancer, stroke and other serious diseases:       - Get the screening tests you need    - Maintain a healthy weight    - Eat a variety of healthy foods, and limit calories and saturated fat    - Be physically active    - Control your blood pressure and cholesterol    - Don&apos;t smoke    - Protect yourself from too much sun    - Drink alcohol in moderation, or don&apos;t drink at all       Agency for Healthcare Research and Quality</Answer>
	</QAPair>
</QAPairs>
</Document>
