<?xml version="1.0" encoding="UTF-8"?>
<Document id="0000638" source="MPlusHealthTopics" url="https://www.nlm.nih.gov/medlineplus/nativeamericanhealth.html">
<Focus>Native American Health</Focus>
<FocusAnnotations>
	<Category>Other</Category>
	<Synonyms>
		<Synonym>Alaska Native health</Synonym>
		<Synonym>American Indian health</Synonym>
	</Synonyms>
</FocusAnnotations>
<QAPairs>
	<QAPair pid="1">
			<Question qid="0000638-1" qtype="information">Do you have information about Native American Health</Question>
			<Answer>Summary : Every racial or ethnic group has specific health concerns. Differences in the health of groups can result from:       - Genetics    - Environmental factors    - Access to care    - Cultural factors        On this page, you&apos;ll find links to health issues that affect Native Americans.</Answer>
	</QAPair>
</QAPairs>
</Document>
