<?xml version="1.0" encoding="UTF-8"?>
<Document id="0000898" source="MPlusHealthTopics" url="https://www.nlm.nih.gov/medlineplus/toddlernutrition.html">
<Focus>Toddler Nutrition</Focus>
<FocusAnnotations>
	<Category>Other</Category>
</FocusAnnotations>
<QAPairs>
	<QAPair pid="1">
			<Question qid="0000898-1" qtype="information">Do you have information about Toddler Nutrition</Question>
			<Answer>Summary : Food provides the energy and nutrients that young children need to be healthy. Toddlers are learning to feed themselves and to eat new foods. They should eat a variety of foods from all of the food groups.    Each day, toddlers need enough nutrients, including       - 7 milligrams of iron    - 700 milligrams of calcium    - 600 IU of vitamin D</Answer>
	</QAPair>
</QAPairs>
</Document>
