<?xml version="1.0" encoding="UTF-8"?>
<Document id="0000418" source="MPlusHealthTopics" url="https://www.nlm.nih.gov/medlineplus/hairproblems.html">
<Focus>Hair Problems</Focus>
<FocusAnnotations>
	<Category>Disease</Category>
	<UMLS>
		<CUIs>
			<CUI>C0018500</CUI>
		</CUIs>
		<SemanticTypes>
			<SemanticType>T047</SemanticType>
		</SemanticTypes>
		<SemanticGroup>Disorders</SemanticGroup>
	</UMLS>
</FocusAnnotations>
<QAPairs>
	<QAPair pid="1">
			<Question qid="0000418-1" qtype="information">What is (are) Hair Problems ?</Question>
			<Answer>The average person has 5 million hairs. Hair grows all over your body except on your lips, palms, and the soles of your feet. It takes about a month for healthy hair to grow half an inch. Most hairs grow for up to six years and then fall out. New hairs grow in their place.     Hair helps keep you warm. It also protects your eyes, ears and nose from small particles in the air. Common problem with the hair and scalp include hair loss, infections, and flaking.</Answer>
	</QAPair>
</QAPairs>
</Document>
