<?xml version="1.0" encoding="UTF-8"?>
<Document id="0000075" source="MPlusHealthTopics" url="https://www.nlm.nih.gov/medlineplus/bvitamins.html">
<Focus>B Vitamins</Focus>
<FocusAnnotations>
	<Category>Other</Category>
</FocusAnnotations>
<QAPairs>
	<QAPair pid="1">
			<Question qid="0000075-1" qtype="information">Do you have information about B Vitamins</Question>
			<Answer>Summary : The B vitamins are       - B1 (thiamine)    - B2 (riboflavin)    - B3 (niacin)    - B5 (pantothenic acid)    - B6    -  B7 (biotin)    - B12    - Folic acid       These vitamins help the process your body uses to get or make energy from the food you eat. They also help form red blood cells. You can get B vitamins from proteins such as fish, poultry, meat, eggs, and dairy products. Leafy green vegetables, beans, and peas also have B vitamins. Many cereals and some breads have added B vitamins.    Not getting enough of certain B vitamins can cause diseases. A lack of B12 or B6 can cause anemia.</Answer>
	</QAPair>
</QAPairs>
</Document>
