<?xml version="1.0" encoding="UTF-8"?>
<Document id="0000509" source="MPlusHealthTopics" url="https://www.nlm.nih.gov/medlineplus/infectioncontrol.html">
<Focus>Infection Control</Focus>
<FocusAnnotations>
	<Category>Other</Category>
</FocusAnnotations>
<QAPairs>
	<QAPair pid="1">
			<Question qid="0000509-1" qtype="information">Do you have information about Infection Control</Question>
			<Answer>Summary : Every year, lives are lost because of the spread of infections in hospitals. Health care workers can take steps to prevent the spread of infectious diseases. These steps are part of infection control.    Proper hand washing is the most effective way to prevent the spread of infections in hospitals. If you are a patient, don&apos;t be afraid to remind friends, family and health care providers to wash their hands before getting close to you.    Other steps health care workers can take include       -  Covering coughs and sneezes    -  Staying up-to-date with immunizations    -  Using gloves, masks and protective clothing    -  Making tissues and hand cleaners available     -  Following hospital guidelines when dealing with blood or contaminated items</Answer>
	</QAPair>
</QAPairs>
</Document>
