<?xml version="1.0" encoding="UTF-8"?>
<Document id="0000433" source="MPlusHealthTopics" url="https://www.nlm.nih.gov/medlineplus/healthoccupations.html">
<Focus>Health Occupations</Focus>
<FocusAnnotations>
	<Category>Other</Category>
	<Synonyms>
		<Synonym>Health careers</Synonym>
		<Synonym>Health professions</Synonym>
		<Synonym>Medical occupations</Synonym>
		<Synonym>Medical professions</Synonym>
	</Synonyms>
</FocusAnnotations>
<QAPairs>
	<QAPair pid="1">
			<Question qid="0000433-1" qtype="information">Do you have information about Health Occupations</Question>
			<Answer>Summary : Every day, around the clock, people who work in the health care industry provide care for millions of people, from newborns to the very ill. In fact, the health care industry is one of largest providers of jobs in the United States. Many health jobs are in hospitals. Others are in nursing homes, doctors&apos; offices, dentists&apos; offices, outpatient clinics and laboratories.    To work in a health occupation, you often must have special training. Some, like doctors, must have more than 4 years of college.    Bureau of Labor Statistics</Answer>
	</QAPair>
</QAPairs>
</Document>
