<?xml version="1.0" encoding="UTF-8"?>
<Document id="0000437" source="MPlusHealthTopics" url="https://www.nlm.nih.gov/medlineplus/healthyaging.html">
<Focus>Healthy Aging</Focus>
<FocusAnnotations>
	<Category>Other</Category>
</FocusAnnotations>
<QAPairs>
	<QAPair pid="1">
			<Question qid="0000437-1" qtype="information">Do you have information about Healthy Aging</Question>
			<Answer>Summary : People in the U.S. are living longer than ever before. Many seniors live active and healthy lives. But there&apos;s no getting around one thing: as we age, our bodies and minds change. There are things you can do to stay healthy and active as you age:       - Eat a balanced diet    - Keep your mind and body active    - Don&apos;t smoke    - Get regular checkups    - Practice safety habits to avoid accidents and prevent falls       NIH: National Institute on Aging</Answer>
	</QAPair>
</QAPairs>
</Document>
