<?xml version="1.0" encoding="UTF-8"?>
<Document id="0000621" source="MPlusHealthTopics" url="https://www.nlm.nih.gov/medlineplus/motorvehiclesafety.html">
<Focus>Motor Vehicle Safety</Focus>
<FocusAnnotations>
	<Category>Other</Category>
	<Synonyms>
		<Synonym>Automobile safety</Synonym>
		<Synonym>Car safety</Synonym>
		<Synonym>Vehicle safety</Synonym>
	</Synonyms>
</FocusAnnotations>
<QAPairs>
	<QAPair pid="1">
			<Question qid="0000621-1" qtype="information">Do you have information about Motor Vehicle Safety</Question>
			<Answer>Summary : Every year thousands of people in the U.S. die from motor vehicle crashes. Trying to prevent these crashes is one part of motor vehicle safety. Here are some things you can do to be safer on the road:       -  Make sure your vehicle is safe and in working order    -  Use car seats for children    -  Wear your seat belt    -  Don&apos;t speed or drive aggressively    -  Don&apos;t drive impaired       Safety also involves being aware of others. Share the road with bicycles and motorcycles, and watch for pedestrians.</Answer>
	</QAPair>
</QAPairs>
</Document>
