<?xml version="1.0" encoding="UTF-8"?>
<Document id="0000033" source="MPlusHealthTopics" url="https://www.nlm.nih.gov/medlineplus/anatomy.html">
<Focus>Anatomy</Focus>
<FocusAnnotations>
	<Category>Other</Category>
</FocusAnnotations>
<QAPairs>
	<QAPair pid="1">
			<Question qid="0000033-1" qtype="information">Do you have information about Anatomy</Question>
			<Answer>Summary : Anatomy is the science that studies the structure of the body. On this page, you&apos;ll find links to descriptions and pictures of the human body&apos;s parts and organ systems from head to toe.</Answer>
	</QAPair>
</QAPairs>
</Document>
