<?xml version="1.0" encoding="UTF-8"?>
<Document id="0000317" source="MPlusHealthTopics" url="https://www.nlm.nih.gov/medlineplus/edema.html">
<Focus>Edema</Focus>
<FocusAnnotations>
	<Category>Disease</Category>
	<UMLS>
		<CUIs>
			<CUI>C0013604</CUI>
		</CUIs>
		<SemanticTypes>
			<SemanticType>T046</SemanticType>
		</SemanticTypes>
		<SemanticGroup>Disorders</SemanticGroup>
	</UMLS>
	<Synonyms>
		<Synonym>Dropsy</Synonym>
	</Synonyms>
</FocusAnnotations>
<QAPairs>
	<QAPair pid="1">
			<Question qid="0000317-1" qtype="information">What is (are) Edema ?</Question>
			<Answer>Edema means swelling caused by fluid in your body&apos;s tissues. It usually occurs in the feet, ankles and legs, but it can involve your entire body.    Causes of edema include       - Eating too much salt    - Sunburn    - Heart failure    - Kidney disease    - Liver problems from cirrhosis    - Pregnancy    - Problems with lymph nodes, especially after mastectomy    - Some medicines    - Standing or walking a lot when the weather is warm       To keep swelling down, your health care provider may recommend keeping your legs raised when sitting, wearing support stockings, limiting how much salt you eat, or taking a medicine called a diuretic - also called a water pill.</Answer>
	</QAPair>
</QAPairs>
</Document>
