<?xml version="1.0" encoding="UTF-8"?>
<Document id="0000196" source="MPlusHealthTopics" url="https://www.nlm.nih.gov/medlineplus/choosingadoctororhealthcareservice.html">
<Focus>Choosing a Doctor or Health Care Service</Focus>
<FocusAnnotations>
	<Category>Disease</Category>
	<UMLS>
		<CUIs>
			<CUI>C0580931</CUI>
		</CUIs>
		<SemanticTypes>
			<SemanticType>T033</SemanticType>
		</SemanticTypes>
		<SemanticGroup>Disorders</SemanticGroup>
	</UMLS>
</FocusAnnotations>
<QAPairs>
	<QAPair pid="1">
			<Question qid="0000196-1" qtype="information">What is (are) Choosing a Doctor or Health Care Service ?</Question>
			<Answer>We all want high-quality health care, but it&apos;s hard to know how to choose. There are many things to consider, including       - What your insurance covers    - Whether a health care provider or service is accredited    - The location of a service    - Hours that the service is available    - Whether you like a health care provider&apos;s personality        On this page you&apos;ll find information to help you choose a health care provider or service.</Answer>
	</QAPair>
</QAPairs>
</Document>
