<?xml version="1.0" encoding="UTF-8"?>
<Document id="0000586" source="MPlusHealthTopics" url="https://www.nlm.nih.gov/medlineplus/medicaid.html">
<Focus>Medicaid</Focus>
<FocusAnnotations>
	<Category>Other</Category>
</FocusAnnotations>
<QAPairs>
	<QAPair pid="1">
			<Question qid="0000586-1" qtype="information">Do you have information about Medicaid</Question>
			<Answer>Summary : Medicaid is government health insurance that helps many low-income people in the United States to pay their medical bills. The Federal government sets up general guidelines for the program, but each state has its own rules. Your state might require you to pay a part of the cost for some medical services.     You have to meet certain requirements to get Medicaid help. These might involve       - Your age    - Whether you are pregnant, disabled, or blind    - Your income and resources    - Whether or not you are a U.S. citizen or, if not, what your immigration status is       Centers for Medicare and Medicaid Services</Answer>
	</QAPair>
</QAPairs>
</Document>
