<?xml version="1.0" encoding="UTF-8"?>
<Document id="0000216" source="MPlusHealthTopics" url="https://www.nlm.nih.gov/medlineplus/collegehealth.html">
<Focus>College Health</Focus>
<FocusAnnotations>
	<Category>Other</Category>
</FocusAnnotations>
<QAPairs>
	<QAPair pid="1">
			<Question qid="0000216-1" qtype="information">Do you have information about College Health</Question>
			<Answer>Summary : College life involves excitement, along with new challenges, risks, and responsibilities. You are meeting new people, learning new things, and making your own decisions. It can sometimes be stressful. You have to deal with pressures related to food, drink, appearance, drugs, and sexual activity.    There are steps you can take to stay healthy and safe while you&apos;re in college:       - Eat a balanced diet    - Get enough sleep    - Get regular physical activity    - Maintain your health with checkups and vaccinations    - If you decide to have sex, practice safe sex    - Make smart choices about alcohol and drugs    - Get help if you are stressed or depressed       Centers for Disease Control and Prevention</Answer>
	</QAPair>
</QAPairs>
</Document>
