<?xml version="1.0" encoding="UTF-8"?>
<Document id="0000082" source="MPlusHealthTopics" url="https://www.nlm.nih.gov/medlineplus/barotrauma.html">
<Focus>Barotrauma</Focus>
<FocusAnnotations>
	<Category>Disease</Category>
	<UMLS>
		<CUIs>
			<CUI>C0004760</CUI>
		</CUIs>
		<SemanticTypes>
			<SemanticType>T037</SemanticType>
		</SemanticTypes>
		<SemanticGroup>Disorders</SemanticGroup>
	</UMLS>
</FocusAnnotations>
<QAPairs>
	<QAPair pid="1">
			<Question qid="0000082-1" qtype="information">What is (are) Barotrauma ?</Question>
			<Answer>Barotrauma means injury to your body because of changes in barometric (air) or water pressure. One common type happens to your ear. A change in altitude may cause your ears to hurt. This can happen if you are flying in an airplane, driving in the mountains, or scuba diving. Divers can also get decompression sickness, which affects the whole body.    Common symptoms of ear barotrauma include       - Pain    - A feeling that your ears are stuffed    - Hearing loss    - Dizziness       Treatments for ear barotrauma include chewing gum and yawning to relieve the pressure. Medications such as decongestants may also help.</Answer>
	</QAPair>
</QAPairs>
</Document>
