<?xml version="1.0" encoding="UTF-8"?>
<Document id="0000257" source="MPlusHealthTopics" url="https://www.nlm.nih.gov/medlineplus/degenerativenervediseases.html">
<Focus>Degenerative Nerve Diseases</Focus>
<FocusAnnotations>
	<Category>Disease</Category>
	<UMLS>
		<CUIs>
			<CUI>C1456654</CUI>
		</CUIs>
		<SemanticTypes>
			<SemanticType>T047</SemanticType>
		</SemanticTypes>
		<SemanticGroup>Disorders</SemanticGroup>
	</UMLS>
	<Synonyms>
		<Synonym>Neurodegenerative diseases</Synonym>
	</Synonyms>
</FocusAnnotations>
<QAPairs>
	<QAPair pid="1">
			<Question qid="0000257-1" qtype="information">What is (are) Degenerative Nerve Diseases ?</Question>
			<Answer>Degenerative nerve diseases affect many of your body&apos;s activities, such as balance, movement, talking, breathing, and heart function. Many of these diseases are genetic. Sometimes the cause is a medical condition such as alcoholism, a tumor, or a stroke. Other causes may include toxins, chemicals, and viruses. Sometimes the cause is not known.    Degenerative nerve diseases include       -  Alzheimer&apos;s disease    -  Amyotrophic lateral sclerosis    - Friedreich&apos;s ataxia    -  Huntington&apos;s disease    -  Lewy body disease    - Parkinson&apos;s disease     -  Spinal muscular atrophy       Degenerative nerve diseases can be serious or life-threatening. It depends on the type. Most of them have no cure. Treatments may help improve symptoms, relieve pain, and increase mobility.</Answer>
	</QAPair>
</QAPairs>
</Document>
