<?xml version="1.0" encoding="UTF-8"?>
<Document id="0000926" source="MPlusHealthTopics" url="https://www.nlm.nih.gov/medlineplus/underagedrinking.html">
<Focus>Underage Drinking</Focus>
<FocusAnnotations>
	<Category>Other</Category>
	<Synonyms>
		<Synonym>Teenage drinking</Synonym>
	</Synonyms>
</FocusAnnotations>
<QAPairs>
	<QAPair pid="1">
			<Question qid="0000926-1" qtype="information">Do you have information about Underage Drinking</Question>
			<Answer>Summary : Alcohol is the most widely abused substance among America&apos;s youth. Drinking by young people has big health and safety risks. It is dangerous because it       - Causes many deaths and injuries    - Can lead to poor decisions about engaging in risky behavior, such as drinking and driving or unprotected sex    - Increases the risk of physical and sexual assault    - Can lead to other problems, such as trouble in school    - May interfere with brain development    - Increases the risk of alcohol problems later in life       Kids often begin drinking to look &quot;cool&quot; or fit in with their peers. Parents can help their kids avoid alcohol problems. Open communication and conversations about drinking are important. So is being involved in your child&apos;s life. Get help for your child if you suspect a drinking problem.    NIH: National Institute on Alcohol Abuse and Alcoholism</Answer>
	</QAPair>
</QAPairs>
</Document>
