<?xml version="1.0" encoding="UTF-8"?>
<Document id="0000952" source="MPlusHealthTopics" url="https://www.nlm.nih.gov/medlineplus/vitamina.html">
<Focus>Vitamin A</Focus>
<FocusAnnotations>
	<Category>Other</Category>
</FocusAnnotations>
<QAPairs>
	<QAPair pid="1">
			<Question qid="0000952-1" qtype="information">Do you have information about Vitamin A</Question>
			<Answer>Summary : Vitamins are substances that your body needs to grow and develop normally. Vitamin A plays a role in your       - Vision    - Bone growth    - Reproduction    - Cell functions    - Immune system       Vitamin A is an antioxidant. It can come from plant or animal sources. Plant sources include colorful fruits and vegetables. Animal sources include liver and whole milk. Vitamin A is also added to foods like cereals.    Vegetarians, young children, and alcoholics may need extra Vitamin A. You might also need more if you have certain conditions, such as liver diseases, cystic fibrosis, and Crohn&apos;s disease. Check with your health care provider to see if you need to take vitamin A supplements.    NIH: National Institutes of Health Office of Dietary Supplements</Answer>
	</QAPair>
</QAPairs>
</Document>
