<?xml version="1.0" encoding="UTF-8"?>
<Document id="0000475" source="MPlusHealthTopics" url="https://www.nlm.nih.gov/medlineplus/hispanicamericanhealth.html">
<Focus>Hispanic American Health</Focus>
<FocusAnnotations>
	<Category>Other</Category>
</FocusAnnotations>
<QAPairs>
	<QAPair pid="1">
			<Question qid="0000475-1" qtype="information">Do you have information about Hispanic American Health</Question>
			<Answer>Summary : Every racial or ethnic group has specific health concerns. Differences in the health of groups can result from       - Genetics    - Environmental factors    - Access to care    - Cultural factors       On this page, you&apos;ll find links to health issues that affect Hispanic Americans.</Answer>
	</QAPair>
</QAPairs>
</Document>
