<?xml version="1.0" encoding="UTF-8"?>
<Document id="0000378" source="MPlusHealthTopics" url="https://www.nlm.nih.gov/medlineplus/footinjuriesanddisorders.html">
<Focus>Foot Injuries and Disorders</Focus>
<FocusAnnotations>
	<Category>Disease</Category>
	<UMLS>
		<CUIs>
			<CUI>C0149697</CUI>
			<CUI>C0012634</CUI>
		</CUIs>
		<SemanticTypes>
			<SemanticType>T037</SemanticType>
			<SemanticType>T047</SemanticType>
		</SemanticTypes>
		<SemanticGroup>Disorders</SemanticGroup>
	</UMLS>
</FocusAnnotations>
<QAPairs>
	<QAPair pid="1">
			<Question qid="0000378-1" qtype="information">What is (are) Foot Injuries and Disorders ?</Question>
			<Answer>Each of your feet has 26 bones, 33 joints, and more than 100 tendons, muscles, and ligaments. No wonder a lot of things can go wrong. Here are a few common problems:       - Bunions - hard, painful bumps on the big toe joint    -  Corns and calluses - thickened skin from friction or pressure    -  Plantar warts - warts on the soles of your feet    -  Fallen arches - also called flat feet        Ill-fitting shoes often cause these problems. Aging and being overweight also increase your chances of having foot problems.</Answer>
	</QAPair>
</QAPairs>
</Document>
