<?xml version="1.0" encoding="UTF-8"?>
<Document id="0000178" source="MPlusHealthTopics" url="https://www.nlm.nih.gov/medlineplus/childdentalhealth.html">
<Focus>Child Dental Health</Focus>
<FocusAnnotations>
	<Category>Other</Category>
</FocusAnnotations>
<QAPairs>
	<QAPair pid="1">
			<Question qid="0000178-1" qtype="information">Do you have information about Child Dental Health</Question>
			<Answer>Summary : Healthy teeth are important to your child&apos;s overall health. From the time your child is born, there are things you can do to promote healthy teeth and prevent cavities. For babies, you should clean teeth with a soft, clean cloth or baby&apos;s toothbrush. Avoid putting the baby to bed with a bottle and check teeth regularly for spots or stains.    For all children, you should       - Start using a pea-sized amount of fluoride toothpaste when they are two years old. You might start sooner, if a dentist or doctor suggests it.    - Provide healthy foods and limit sweet snacks and drinks    - Schedule regular dental check-ups        Forming good habits at a young age can help your child have healthy teeth for life.     NIH: National Institute of Dental and Craniofacial Research</Answer>
	</QAPair>
</QAPairs>
</Document>
