<?xml version="1.0" encoding="UTF-8"?>
<Document id="0000190" source="MPlusHealthTopics" url="https://www.nlm.nih.gov/medlineplus/childrenspage.html">
<Focus>Children's Page</Focus>
<FocusAnnotations>
	<Category>Other</Category>
</FocusAnnotations>
<QAPairs>
	<QAPair pid="1">
			<Question qid="0000190-1" qtype="information">Do you have information about Children's Page</Question>
			<Answer>Summary : Kids, this page is for you. Learn about everything from how the body works to what happens when you go to the hospital. There are quizzes, games and lots of cool web sites for you to explore. Have fun!</Answer>
	</QAPair>
</QAPairs>
</Document>
