<?xml version="1.0" encoding="UTF-8"?>
<Document id="0000879" source="MPlusHealthTopics" url="https://www.nlm.nih.gov/medlineplus/teenspage.html">
<Focus>Teens' Page</Focus>
<FocusAnnotations>
	<Category>Other</Category>
</FocusAnnotations>
<QAPairs>
	<QAPair pid="1">
			<Question qid="0000879-1" qtype="information">Do you have information about Teens' Page</Question>
			<Answer>Summary : If you are a teenager, this page is for you!     It includes materials specifically for you - not for your parents - about health and safety for teens. There are quizzes, games and lots of cool web sites for you to explore. Have fun!</Answer>
	</QAPair>
</QAPairs>
</Document>
