<?xml version="1.0" encoding="UTF-8"?>
<Document id="0000058" source="MPlusHealthTopics" url="https://www.nlm.nih.gov/medlineplus/artificiallimbs.html">
<Focus>Artificial Limbs</Focus>
<FocusAnnotations>
	<Category>Other</Category>
</FocusAnnotations>
<QAPairs>
	<QAPair pid="1">
			<Question qid="0000058-1" qtype="information">Do you have information about Artificial Limbs</Question>
			<Answer>Summary : People can lose all or part of an arm or leg for a number of reasons. Common ones include       - Circulation problems from atherosclerosis or diabetes. They may cause you to need an amputation.    - Traumatic injuries, including from traffic accidents and military combat    - Cancer    - Birth defects       If you are missing an arm or leg, an artificial limb can sometimes replace it. The device, which is called a prosthesis, can help you to perform daily activities such as walking, eating, or dressing. Some artificial limbs let you function nearly as well as before.</Answer>
	</QAPair>
</QAPairs>
</Document>
