<?xml version="1.0" encoding="UTF-8"?>
<Document id="0000940" source="MPlusHealthTopics" url="https://www.nlm.nih.gov/medlineplus/vaginaldiseases.html">
<Focus>Vaginal Diseases</Focus>
<FocusAnnotations>
	<Category>Disease</Category>
	<UMLS>
		<CUIs>
			<CUI>C0042251</CUI>
		</CUIs>
		<SemanticTypes>
			<SemanticType>T047</SemanticType>
		</SemanticTypes>
		<SemanticGroup>Disorders</SemanticGroup>
	</UMLS>
</FocusAnnotations>
<QAPairs>
	<QAPair pid="1">
			<Question qid="0000940-1" qtype="information">What is (are) Vaginal Diseases ?</Question>
			<Answer>Vaginal problems are some of the most common reasons women go to the doctor. They may have symptoms such as       - Itching    - Burning    - Pain    - Abnormal bleeding    - Discharge       Often, the problem is vaginitis, an inflammation of the vagina. The main symptom is smelly vaginal discharge, but some women have no symptoms. Common causes are bacterial infections, trichomoniasis, and yeast infections.    Some other causes of vaginal symptoms include sexually transmitted diseases, vaginal cancer, and vulvar cancer. Treatment of vaginal problems depends on the cause.</Answer>
	</QAPair>
</QAPairs>
</Document>
