<?xml version="1.0" encoding="UTF-8"?>
<Document id="0000177" source="MPlusHealthTopics" url="https://www.nlm.nih.gov/medlineplus/childcare.html">
<Focus>Child Care</Focus>
<FocusAnnotations>
	<Category>Other</Category>
	<Synonyms>
		<Synonym>Day care</Synonym>
	</Synonyms>
</FocusAnnotations>
<QAPairs>
	<QAPair pid="1">
			<Question qid="0000177-1" qtype="information">Do you have information about Child Care</Question>
			<Answer>Summary : Children&apos;s healthy development depends on safe and positive experiences when they are very young. If you work or go to school, you want to know that your child is in good hands while you are away. You may choose in-home care, where the caregiver comes to your home. Or your child might go to the caregiver&apos;s home. Finally, there are child care centers. You need to choose the one that works for your family.     It is important to get to know your child&apos;s caregivers. They will be a big part of your child&apos;s life. The caregiver&apos;s training should involve       - Knowledge of how young children learn and grow    - Positive, consistent discipline    - Knowledge of the signs that a child is sick    - Cleanliness and safety practices to help keep kids from getting sick or hurt    - Basic first aid</Answer>
	</QAPair>
</QAPairs>
</Document>
