{
  "best_global_step": null,
  "best_metric": null,
  "best_model_checkpoint": null,
  "epoch": 2.0,
  "eval_steps": 200,
  "global_step": 208,
  "is_hyper_param_search": false,
  "is_local_process_zero": true,
  "is_world_process_zero": true,
  "log_history": [
    {
      "epoch": 0.24067388688327315,
      "grad_norm": 1.2837274074554443,
      "learning_rate": 0.00019785874696801202,
      "loss": 1.9123,
      "step": 25
    },
    {
      "epoch": 0.4813477737665463,
      "grad_norm": 0.4159645140171051,
      "learning_rate": 0.00018219372010688515,
      "loss": 1.1397,
      "step": 50
    },
    {
      "epoch": 0.7220216606498195,
      "grad_norm": 0.3804495930671692,
      "learning_rate": 0.0001536365271595212,
      "loss": 1.0914,
      "step": 75
    },
    {
      "epoch": 0.9626955475330926,
      "grad_norm": 0.3295609951019287,
      "learning_rate": 0.00011666639201255506,
      "loss": 1.0543,
      "step": 100
    },
    {
      "epoch": 1.2021660649819494,
      "grad_norm": 0.34617459774017334,
      "learning_rate": 7.708211683634112e-05,
      "loss": 1.0394,
      "step": 125
    },
    {
      "epoch": 1.4428399518652226,
      "grad_norm": 0.39181041717529297,
      "learning_rate": 4.109253424377772e-05,
      "loss": 1.0377,
      "step": 150
    },
    {
      "epoch": 1.6835138387484958,
      "grad_norm": 0.36602097749710083,
      "learning_rate": 1.4342645769705977e-05,
      "loss": 1.0425,
      "step": 175
    },
    {
      "epoch": 1.924187725631769,
      "grad_norm": 0.34415897727012634,
      "learning_rate": 1.0281978111449375e-06,
      "loss": 1.0167,
      "step": 200
    },
    {
      "epoch": 1.924187725631769,
      "eval_loss": 1.0886783599853516,
      "eval_runtime": 2.6425,
      "eval_samples_per_second": 33.302,
      "eval_steps_per_second": 16.651,
      "step": 200
    }
  ],
  "logging_steps": 25,
  "max_steps": 208,
  "num_input_tokens_seen": 0,
  "num_train_epochs": 2,
  "save_steps": 200,
  "stateful_callbacks": {
    "TrainerControl": {
      "args": {
        "should_epoch_stop": false,
        "should_evaluate": false,
        "should_log": false,
        "should_save": true,
        "should_training_stop": true
      },
      "attributes": {}
    }
  },
  "total_flos": 5293374676402176.0,
  "train_batch_size": 2,
  "trial_name": null,
  "trial_params": null
}
