<?xml version="1.0" encoding="UTF-8"?>
<Document id="0000070" source="NIHSeniorHealth" url="http://nihseniorhealth.gov/urinaryincontinence/toc.html">
<Focus>Urinary Incontinence</Focus>
<FocusAnnotations>
	<UMLS>
		<CUIs>
			<CUI>C0042024</CUI>
		</CUIs>
		<SemanticTypes>
			<SemanticType>T046</SemanticType>
		</SemanticTypes>
		<SemanticGroup>Disorders</SemanticGroup>
	</UMLS>
</FocusAnnotations>
<QAPairs>
	<QAPair pid="1">
			<Question qid="0000070-1" qtype="information">What is (are) Urinary Incontinence ?</Question>
			<Answer>Urinary incontinence means a person leaks urine by accident. Urinary incontinence is a common bladder problem as people age. Women are more likely than men to leak urine. If this problem is happening to you, there is help. Urinary incontinence can often be controlled. Talk to your health care provider about what you can do. Types of Urinary Incontinence There are different types of urinary incontinence. - Stress urinary incontinence happens when urine leaks as pressure is put on the bladder, for example, during exercise, coughing, sneezing, laughing, or lifting heavy objects. Its the most common type of bladder control problem in younger and middle-age women. It may begin around the time of menopause. Stress urinary incontinence happens when urine leaks as pressure is put on the bladder, for example, during exercise, coughing, sneezing, laughing, or lifting heavy objects. Its the most common type of bladder control problem in younger and middle-age women. It may begin around the time of menopause. - Urgency urinary incontinence happens when people have a sudden need to urinate and arent able to hold their urine long enough to get to the toilet.  Urgency urinary incontinence happens when people have a sudden need to urinate and arent able to hold their urine long enough to get to the toilet. - Mixed urinary incontinence is a mix of stress and urgency urinary incontinence. You may leak urine with a laugh or sneeze at one time. At another time, you may leak urine because you have a sudden urge to urinate that you cannot control. Mixed urinary incontinence is a mix of stress and urgency urinary incontinence. You may leak urine with a laugh or sneeze at one time. At another time, you may leak urine because you have a sudden urge to urinate that you cannot control. - Overflow urinary incontinence happens when small amounts of urine leak from a bladder that is always full. A man can have trouble emptying his bladder if an enlarged prostate is blocking the urethra. Diabetes and spinal cord injury can also cause this type of urinary incontinence. Overflow urinary incontinence happens when small amounts of urine leak from a bladder that is always full. A man can have trouble emptying his bladder if an enlarged prostate is blocking the urethra. Diabetes and spinal cord injury can also cause this type of urinary incontinence. - Functional urinary incontinence occurs in many older people who have a problem getting to the toilet in time. They may not make it in time because of arthritis or other disorders that make it hard to move quickly. Functional urinary incontinence occurs in many older people who have a problem getting to the toilet in time. They may not make it in time because of arthritis or other disorders that make it hard to move quickly.</Answer>
	</QAPair>
	<QAPair pid="2">
			<Question qid="0000070-2" qtype="causes">What causes Urinary Incontinence ?</Question>
			<Answer>Why Does Urine Leak? The body stores urine in the bladder, which is a hollow organ, much like a balloon. During urination, muscles in the bladder tighten to move urine into a tube called the urethra. At the same time, the muscles around the urethra relax and let the urine pass out of the body. When the muscles in and around the bladder dont work the way they should, urine can leak. Short Periods of Leaking Sometimes urinary incontinence happens for a little while. Short periods of leaking urine can happen because of - urinary tract infections   - constipation  - some medicines.  urinary tract infections constipation some medicines. Longer Periods of Leaking  When leaking urine lasts longer, it may be due to - weak bladder muscles  - weak pelvic floor muscles  - overactive bladder muscles  - damage to nerves that control the bladder from diseases such as multiple sclerosis or Parkinsons disease  - blockage from an enlarged prostate in men  - diseases or conditions, such as arthritis, that may make it difficult to get to the bathroom in time  - pelvic organ prolapse, which is when pelvic organs (such as the bladder, rectum, or uterus) shift out of their normal place into the vagina. When pelvic organs are out of place, the bladder and urethra are not able to work normally, which may cause urine to leak. weak bladder muscles weak pelvic floor muscles overactive bladder muscles damage to nerves that control the bladder from diseases such as multiple sclerosis or Parkinsons disease blockage from an enlarged prostate in men diseases or conditions, such as arthritis, that may make it difficult to get to the bathroom in time pelvic organ prolapse, which is when pelvic organs (such as the bladder, rectum, or uterus) shift out of their normal place into the vagina. When pelvic organs are out of place, the bladder and urethra are not able to work normally, which may cause urine to leak. (Watch the video to learn how aging affects the bladder. To enlarge the video, click the brackets in the lower right-hand corner. To reduce the video, press the Escape (Esc) button on your keyboard.)</Answer>
	</QAPair>
	<QAPair pid="3">
			<Question qid="0000070-3" qtype="exams and tests">How to diagnose Urinary Incontinence ?</Question>
			<Answer>The first step in treating urinary incontinence is to see a health care provider. He or she will give you a physical exam and take your medical history. The provider will ask about your symptoms and the medicines you use. He or she will want to know if you have been sick recently or have had surgery. Your provider also may do a number of tests. These might include - urine tests  - tests that measure how well you empty your bladderusually by ultrasound. urine tests tests that measure how well you empty your bladderusually by ultrasound. In addition, your health care provider may ask you to keep a daily diary of when you urinate and when you leak urine. Your family provider may also send you to a urologist or urogynecologist, doctors who specialize in urinary tract problems Get tips on choosing a health care provider. (Watch the video above to learn more about what to expect when seeking care for a bladder problem. To enlarge the video, click the brackets in the lower right-hand corner. To reduce the video, press the Escape (Esc) button on your keyboard.)</Answer>
	</QAPair>
	<QAPair pid="5">
			<Question qid="0000070-5" qtype="treatment">What are the treatments for Urinary Incontinence ?</Question>
			<Answer>Today, there are more treatments for urinary incontinence than ever before. The choice of treatment depends on the type of bladder control problem you have, how serious it is, and what best fits your lifestyle. As a general rule, the simplest and safest treatments should be tried first. Types of Treatments If lifestyle changes and bladder training dont help, your health care provider may suggest medical treatments. Medical treatments may include the following. - Medicines. If you have urgency urinary incontinence, your provider may prescribe a medicine to calm bladder muscles and nerves. These calming medicines help keep bladder muscles and nerves from making you urinate when youre not ready. Medicines for urgency urinary incontinence come as pills, liquid, creams, or patches. No medicines treat stress urinary incontinence. Medicines. If you have urgency urinary incontinence, your provider may prescribe a medicine to calm bladder muscles and nerves. These calming medicines help keep bladder muscles and nerves from making you urinate when youre not ready. Medicines for urgency urinary incontinence come as pills, liquid, creams, or patches. No medicines treat stress urinary incontinence. - Medical devices. Some women may be able to use a medical device to help prevent leaking. One medical device -- called a urethral insert -- blocks the urethra for a short time to prevent leaking when it is most likely to happen, such as during physical activity. Another device -- called a pessary -- is put in the vagina to help hold up the bladder if you have a prolapsed bladder or vagina (when the vagina or bladder has shifted out of place).  Medical devices. Some women may be able to use a medical device to help prevent leaking. One medical device -- called a urethral insert -- blocks the urethra for a short time to prevent leaking when it is most likely to happen, such as during physical activity. Another device -- called a pessary -- is put in the vagina to help hold up the bladder if you have a prolapsed bladder or vagina (when the vagina or bladder has shifted out of place). - Nerve stimulation. Nerve stimulation sends mild electric current to the nerves around the bladder that help control urination. Sometimes nerve stimulation can be done at home, by placing an electrode in the vagina or anus. Or, it may require minor surgery to place an electrode under the skin on the leg or lower back.  Nerve stimulation. Nerve stimulation sends mild electric current to the nerves around the bladder that help control urination. Sometimes nerve stimulation can be done at home, by placing an electrode in the vagina or anus. Or, it may require minor surgery to place an electrode under the skin on the leg or lower back. - Surgery. Sometimes surgery can help fix the cause of urinary incontinence. Surgery may give the bladder and urethra more support or help keep the urethra closed during coughing or sneezing.  Surgery. Sometimes surgery can help fix the cause of urinary incontinence. Surgery may give the bladder and urethra more support or help keep the urethra closed during coughing or sneezing.</Answer>
	</QAPair>
	<QAPair pid="7">
			<Question qid="0000070-7" qtype="information">What is (are) Urinary Incontinence ?</Question>
			<Answer>Urinary incontinence means a person leaks urine by accident. Urinary incontinence is a common bladder problem as people age. Women are more likely than men to leak urine. If this problem is happening to you, there is help. Urinary incontinence can often be controlled. Talk to your health care provider about what you can do. Learn about urinary incontinence in women. Learn about urinary incontinence in men.</Answer>
	</QAPair>
	<QAPair pid="8">
			<Question qid="0000070-8" qtype="information">What is (are) Urinary Incontinence ?</Question>
			<Answer>There are different types of urinary incontinence. Stress urinary incontinence happens when urine leaks as pressure is put on the bladder, for example, during exercise, coughing, sneezing, laughing, or lifting heavy objects. Its the most common type of bladder control problem in younger and middle-age women. It may begin around the time of menopause. Urgency urinary incontinence happens when people have a sudden need to urinate and arent able to hold their urine long enough to get to the toilet. Mixed urinary incontinence is a mix of stress and urgency urinary incontinence. You may leak urine with a laugh or sneeze at one time. At another time, you may leak urine because you have a sudden urge to urinate that you cannot control. Overflow urinary incontinence happens when small amounts of urine leak from a bladder that is always full. A man can have trouble emptying his bladder if an enlarged prostate is blocking the urethra. Diabetes and spinal cord injury can also cause this type of urinary incontinence. Functional urinary incontinence occurs in many older people who have a problem getting to the toilet in time. They may not make it in time because of arthritis or other disorders that make it hard to move quickly. Learn about urinary incontinence in men. Learn about urinary incontinence in women.</Answer>
	</QAPair>
	<QAPair pid="9">
			<Question qid="0000070-9" qtype="causes">What causes Urinary Incontinence ?</Question>
			<Answer>Leaking urine can happen for many reasons. Sometimes urinary incontinence happens for a little while. Short periods of leaking urine can happen because of - urinary tract infections   - constipation   - some medicines.  urinary tract infections constipation some medicines. When leaking urine lasts longer, it may be due to - weak bladder muscles  - weak pelvic floor muscles  - overactive bladder muscles  - damage to nerves that control the bladder from diseases such as multiple sclerosis or Parkinsons disease  - blockage from an enlarged prostate in men  - diseases or conditions, such as arthritis, that may make it difficult to get to the bathroom in time  - pelvic organ prolapse, which is when pelvic organs (such as the bladder, rectum, or uterus) shift out of their normal place into the vagina. When pelvic organs are out of place, the bladder and urethra are not able to work normally, which may cause urine to leak.  weak bladder muscles weak pelvic floor muscles overactive bladder muscles damage to nerves that control the bladder from diseases such as multiple sclerosis or Parkinsons disease blockage from an enlarged prostate in men diseases or conditions, such as arthritis, that may make it difficult to get to the bathroom in time pelvic organ prolapse, which is when pelvic organs (such as the bladder, rectum, or uterus) shift out of their normal place into the vagina. When pelvic organs are out of place, the bladder and urethra are not able to work normally, which may cause urine to leak. Learn more about urinary incontinence in men.  Learn more about urinary incontinence in women.</Answer>
	</QAPair>
	<QAPair pid="10">
			<Question qid="0000070-10" qtype="exams and tests">How to diagnose Urinary Incontinence ?</Question>
			<Answer>The first step in treating urinary incontinence is to see a health care provider. He or she will give you a physical exam and take your medical history. The provider will ask about your symptoms and the medicines you use. He or she will want to know if you have been sick recently or have had surgery. Your provider also may do a number of tests. These might include - urine tests  - tests that measure how well you empty your bladder, usually by ultrasound. urine tests tests that measure how well you empty your bladder, usually by ultrasound. In addition, your health care provider may ask you to keep a daily diary of when you urinate and when you leak urine. Your family provider may also send you to a urologist or urogynecologist, a doctor who specializes in urinary tract problems. Learn more about how urinary incontinence is diagnosed in  men and  women.</Answer>
	</QAPair>
	<QAPair pid="11">
			<Question qid="0000070-11" qtype="treatment">What are the treatments for Urinary Incontinence ?</Question>
			<Answer>Today, there are more treatments for urinary incontinence than ever before. The choice of treatment depends on the type of bladder control problem you have, how serious it is, and what best fits your lifestyle. As a general rule, the simplest and safest treatments should be tried first. Treatment may include - bladder control training, such as pelvic floor muscle exercises and timed voiding  bladder control training, such as pelvic floor muscle exercises and timed voiding - lifestyle changes such as drinking the right amount of fluids, choosing water over other fluids, eating and drinking less caffeine, drinking less alcohol, limiting drinks before bedtime, keeping a healthy weight, and trying not to get constipated  lifestyle changes such as drinking the right amount of fluids, choosing water over other fluids, eating and drinking less caffeine, drinking less alcohol, limiting drinks before bedtime, keeping a healthy weight, and trying not to get constipated - medicines, medical devices, nerve stimulation, and surgery, if lifestyle changes and bladder training dont help.  medicines, medical devices, nerve stimulation, and surgery, if lifestyle changes and bladder training dont help. Learn more about how urinary incontinence is treated in men. Learn more about how urinary incontinence is treated in women.</Answer>
	</QAPair>
	<QAPair pid="12">
			<Question qid="0000070-12" qtype="treatment">What are the treatments for Urinary Incontinence ?</Question>
			<Answer>Even after treatment, some people still leak urine from time to time. There are products that can help you cope with leaking urine. These products may make leaking urine bother you a little less. - Pads. You can wear disposable pads in your underwear to absorb urine when it leaks and keep your clothes from getting wet.  Pads. You can wear disposable pads in your underwear to absorb urine when it leaks and keep your clothes from getting wet. -  Adult diapers. If you leak large amounts of urine, you can wear an adult diaper to keep your clothes dry. You can choose disposable adult diapers, which you wear once and throw away. Or you can choose washable adult diapers, which you can reuse after washing.  Adult diapers. If you leak large amounts of urine, you can wear an adult diaper to keep your clothes dry. You can choose disposable adult diapers, which you wear once and throw away. Or you can choose washable adult diapers, which you can reuse after washing. - Protective underwear. Special kinds of underwear can help keep clothes from getting wet. Some kinds of underwear have a waterproof crotch with room for a pad or liner. Others use a waterproof fabric to keep your skin dry.  Protective underwear. Special kinds of underwear can help keep clothes from getting wet. Some kinds of underwear have a waterproof crotch with room for a pad or liner. Others use a waterproof fabric to keep your skin dry. - Furniture pads. Pads can be used to protect chairs and beds from leaking urine. Some pads should be used once and thrown away. Other cloth pads can be washed and reused.  Furniture pads. Pads can be used to protect chairs and beds from leaking urine. Some pads should be used once and thrown away. Other cloth pads can be washed and reused. -  Special skin cleaners and creams. Urine can bother the skin if it stays on the skin for a long time. Special skin cleaners and creams are available for people who leak urine. Skin cleaners and creams may help the skin around your urethra from becoming irritated. Creams can help keep urine away from your skin.  Special skin cleaners and creams. Urine can bother the skin if it stays on the skin for a long time. Special skin cleaners and creams are available for people who leak urine. Skin cleaners and creams may help the skin around your urethra from becoming irritated. Creams can help keep urine away from your skin. - Deodorizing pills. Deodorizing pills may make your urine smell less strongly. This way, if you do leak, it may be less noticeable. Ask your health care provider about deodorizing pills. Deodorizing pills. Deodorizing pills may make your urine smell less strongly. This way, if you do leak, it may be less noticeable. Ask your health care provider about deodorizing pills.</Answer>
	</QAPair>
</QAPairs>
</Document>
