<?xml version="1.0" encoding="UTF-8"?>
<Document id="0000060" source="NIHSeniorHealth" url="http://nihseniorhealth.gov/quittingsmoking/toc.html">
<Focus>Quitting Smoking for Older Adults</Focus>
<FocusAnnotations>
	<UMLS>
		<CUIs>
			<CUI>C1519384</CUI>
		</CUIs>
		<SemanticTypes>
			<SemanticType>T033</SemanticType>
		</SemanticTypes>
		<SemanticGroup>Disorders</SemanticGroup>
	</UMLS>
</FocusAnnotations>
<QAPairs>
	<QAPair pid="18">
			<Question qid="0000060-18" qtype="information">What is (are) Quitting Smoking for Older Adults ?</Question>
			<Answer>Many former smokers who are 50 and older say that their main reason for quitting was for their health or due to their doctors advice. Another common reason smokers quit is to be in control of their lives and to be free from cigarettes. A lot of former smokers also said that pleasing or helping a loved one was a big part of their decision to quit. These all are good reasons. The most important reasons for quitting are the ones you decide on for yourself.</Answer>
	</QAPair>
	<QAPair pid="20">
			<Question qid="0000060-20" qtype="causes">What causes Quitting Smoking for Older Adults ?</Question>
			<Answer>Yes. Smoking is the leading cause of cancer in the United States, and it increases the risk of many types of cancer, including -  lung cancer  - throat cancer  -  mouth cancer  -  nasal cavity cancer (cancer in the airways of the nose)  - esophageal cancer (cancer of the esophagus)  - stomach cancer  -  pancreatic cancer (cancer of the pancreas)  -  kidney cancer   - bladder cancer  -  cervical cancer (cancer of the cervix)  -  acute myeloid leukemia (blood cancer).  lung cancer throat cancer  mouth cancer  nasal cavity cancer (cancer in the airways of the nose) esophageal cancer (cancer of the esophagus) stomach cancer  pancreatic cancer (cancer of the pancreas)  kidney cancer  bladder cancer  cervical cancer (cancer of the cervix)  acute myeloid leukemia (blood cancer). If you smoke, you are up to 10 times more likely to get cancer than a person who has never smoked. This depends on how much and how long you smoked.</Answer>
	</QAPair>
	<QAPair pid="32">
			<Question qid="0000060-32" qtype="information">What is (are) Quitting Smoking for Older Adults ?</Question>
			<Answer>One of the keys to successfully quitting is preparation. A great way to prepare to quit smoking is to create a quit plan. Quit plans - keep you focused on quit smoking strategies that can help you be confident and motivated to quit   - help you identify challenges you will face as you quit and ways to overcome them   -  can improve your chances of quitting smoking for good.  keep you focused on quit smoking strategies that can help you be confident and motivated to quit help you identify challenges you will face as you quit and ways to overcome them can improve your chances of quitting smoking for good. Use these steps to create your own customized quit plan. Pick a Quit Date. Make a list of reasons to quit. Decide where you will get support. Decide on your Quit methods. Plan how to avoid your triggers. Plan how to overcome cravings and urges. Decide how to reward yourself after certain milestones. Plan what to do the day before your Quit Date. Here are some quit plan resources. -  Check out  Worksheets for Your Quit Plan on this website.   -  See &quot;Start Your Quit Plan Online Today&quot; at  SmokeFree 60Plus, a quit-smoking website from the National Cancer Institute.  -  Learn about the  Quit Guide from the Centers from Disease Control and Prevention (CDC).  Check out  Worksheets for Your Quit Plan on this website. See &quot;Start Your Quit Plan Online Today&quot; at  SmokeFree 60Plus, a quit-smoking website from the National Cancer Institute. Learn about the  Quit Guide from the Centers from Disease Control and Prevention (CDC).</Answer>
	</QAPair>
	<QAPair pid="34">
			<Question qid="0000060-34" qtype="information">What is (are) Quitting Smoking for Older Adults ?</Question>
			<Answer>Quitlines are free, anonymous telephone counseling services. These programs have helped more than 3 million smokers. When you call a quitline, you talk to a trained counselor who can help you develop a strategy for quitting or help you stay on track. The counselor can provide material that could improve your chances of quitting. - You can call the National Cancer Institutes Smoking Quitline at (877) 44U-QUIT or (877) 448-7848 between 8:00 a.m. and 8:00 p.m. Eastern Time.  You can call the National Cancer Institutes Smoking Quitline at (877) 44U-QUIT or (877) 448-7848 between 8:00 a.m. and 8:00 p.m. Eastern Time. - You can also call your states quitline. Call (800) QUIT-NOW or (800) 784-8669 to be connected with free resources about quitting and counseling information in your state.  You can also call your states quitline. Call (800) QUIT-NOW or (800) 784-8669 to be connected with free resources about quitting and counseling information in your state. - If you are a veteran, you can call (855)-QUIT VET or (855) 784-8838 between 8:00 a.m. and 8:00 p.m. Eastern Time on Mondays through Fridays.  If you are a veteran, you can call (855)-QUIT VET or (855) 784-8838 between 8:00 a.m. and 8:00 p.m. Eastern Time on Mondays through Fridays. You can also check out SmokeFree 60Plus. a quit-smoking website for older adults developed by the National Cancer Institute.</Answer>
	</QAPair>
	<QAPair pid="35">
			<Question qid="0000060-35" qtype="information">What is (are) Quitting Smoking for Older Adults ?</Question>
			<Answer>These quit smoking websites offer you free, accurate information and professional assistance to help support the immediate and long-term needs of people trying to quit smoking. The National Cancer Institute sponsors - Smokefree 60+.gov, a quit-smoking website for older adults  - Smokefree.gov   - SmokefreeWomen   - SmokefreeEspanol    -   SmokefreeVET  Smokefree 60+.gov, a quit-smoking website for older adults Smokefree.gov SmokefreeWomen SmokefreeEspanol   SmokefreeVET Other online resources are -   Be Tobacco Free , a website from the U.S. Department of Health and Human Services  -  A  Quit Guide from the Centers from Disease Control and Prevention (CDC).   Be Tobacco Free , a website from the U.S. Department of Health and Human Services A  Quit Guide from the Centers from Disease Control and Prevention (CDC). Most states also have quit-smoking websites that have resources, such as free supplies of nicotine replacement therapy, informational mailings, and more. Mobile tools can also help, especially when you&apos;re on the go. These include text messaging services and free apps. -  See SmokefreeTXT, a text messaging service   -  See QuitSTART and QuitGuide, free quit smoking apps  See SmokefreeTXT, a text messaging service  See QuitSTART and QuitGuide, free quit smoking apps</Answer>
	</QAPair>
</QAPairs>
</Document>
